problem,seed,reduction_factor,redundancy_rate,max_internal_nodes_seen_isalsr,total_dags_explored_isalsr,unique_canonical_dags,r2_train_baseline,r2_train_isalsr,r2_test_baseline,r2_test_isalsr,nrmse_train_baseline,nrmse_train_isalsr,nrmse_test_baseline,nrmse_test_isalsr,delta_r2_train,delta_r2_test,delta_nrmse_train,delta_nrmse_test,model_complexity_baseline,model_complexity_isalsr,wall_clock_search_only_s_baseline,wall_clock_search_only_s_isalsr,overhead_time_s,canonicalization_runtime_s,solution_recovered_baseline,solution_recovered_isalsr
i.15.10,1,1.8179537164768875,0.44993099057661656,31.0,12440330.0,6843040.0,0.9999998499964945,0.9999999346219766,0.9999998445102543,0.9999999394839914,0.00038730286019579915,0.00025569126590570794,0.00039432188090062403,0.00024600001752715916,8.462548206633613e-08,9.497373709699275e-08,-0.00013161159429009122,-0.00014832186337346488,32.0,32.0,12989.59541170299,20283.293251135852,11643.621802899055,11643.621802899055,False,False
i.15.10,2,1.8148934179544356,0.4490034565627006,31.0,11638730.0,6412900.0,0.9999996103676839,0.9999999994625522,0.9999993412013191,0.9999999995219735,0.000624205347724836,2.3182919945975194e-05,0.000811664142920362,2.1863817103039277e-05,3.890948683249462e-07,6.583206544341635e-07,-0.0006010224277788608,-0.0007898003258173227,32.0,32.0,13023.100209231023,19787.963536991738,11404.433274806477,11404.433274806477,False,False
i.15.10,3,1.810251311008857,0.44759051192582877,28.0,3803090.0,2100863.0,0.9999994663175513,1.0,0.9999980435097306,1.0,0.0007305357271954117,3.006555936752303e-16,0.0013987459631300775,3.1582189545733947e-16,5.336824486779079e-07,1.9564902693502972e-06,-0.000730535727195111,-0.0013987459631297618,32.0,29.0,12815.22321132617,4491.629966457374,3146.19787237281,3146.19787237281,False,False
i.15.10,4,1.8186786780662243,0.4501502590533001,31.0,11057570.0,6080002.0,0.9999999447314113,0.9999999994522925,0.9999999567409988,0.9999999995270585,0.00023509272362108805,2.3403152839649082e-05,0.00020798798325047534,2.1747216655065782e-05,5.4720881159653345e-08,4.27860596952101e-08,-0.00021168957078143897,-0.00018624076659540955,31.0,32.0,13295.418022562284,19389.36131187901,10822.430693974253,10822.430693974253,False,False
i.15.10,5,1.8164626448585526,0.4494794578735365,31.0,12430310.0,6843141.0,0.9999987548175165,0.9999999985537457,0.9999982884160109,0.9999999981510211,0.0011158774500189996,3.802965148739225e-05,0.001308275196245588,4.2999754612120206e-05,1.2437362291173315e-06,1.7097350102357467e-06,-0.0010778477985316074,-0.0012652754416334678,32.0,32.0,14137.685258015059,20431.160878421273,11911.34487298876,11911.34487298876,False,False
i.15.10,6,1.8160054357846485,0.44934085532187507,31.0,12705860.0,6996598.0,0.9999980836956521,0.9999999982505783,0.9999979593049048,0.9999999981220119,0.0013843064501402934,4.182608854305103e-05,0.0014285289969718884,4.333576003501391e-05,1.9145549261523342e-06,2.0388171071417105e-06,-0.0013424803615972424,-0.0013851932369368745,32.0,32.0,12239.715307827573,20660.097449264955,12151.8079807139,12151.8079807139,False,False
i.15.10,7,1.8186790292965822,0.4501503652424177,31.0,12300050.0,6763178.0,0.9999999990756782,0.9999999999287751,0.9999999993622362,0.9999999999409003,3.04026620708571e-05,8.43948288198144e-06,2.5253987186841973e-05,7.687634370382026e-06,8.530969264342048e-10,5.786641166238837e-10,-2.1963179188875658e-05,-1.7566352816459947e-05,32.0,32.0,12442.939231525175,20493.88993059192,11621.857809942681,11621.857809942681,False,False
i.15.10,8,1.8136878339734892,0.448637201359417,28.0,1182860.0,652185.0,0.9999999921356927,1.0,0.999999993089792,1.0,8.868092961504938e-05,3.0963645411564906e-10,8.312766034934619e-05,1.9969331067471404e-09,7.86430731647414e-09,6.9102079613969636e-09,-8.868061997859526e-05,-8.312566341623944e-05,32.0,29.0,12404.090640077833,2413.552846185863,1035.3864982663654,1035.3864982663654,False,False
i.15.10,9,1.814909971907,0.44900848225035694,31.0,11794040.0,6498416.0,0.9999978780059153,0.9999999585296384,0.9999979620132464,0.9999999658996309,0.0014567065884096319,0.00020364273034381207,0.0014275807345412797,0.00018466285250605063,2.0805237230803186e-06,2.0038863844940025e-06,-0.0012530638580658198,-0.001242917882035229,31.0,32.0,12346.32686866168,19569.208068325184,10942.94858101476,10942.94858101476,False,False
i.15.10,11,1.8151479389211407,0.4490807175781141,31.0,12550550.0,6914340.0,0.9999998916356201,0.9999999973180432,0.9999996818229048,0.9999999932670213,0.0003291874541052037,5.178761182460147e-05,0.0005640718883036364,8.205472992705768e-05,1.0568242314601406e-07,3.114441164964177e-07,-0.0002773998422806022,-0.0004820171583765787,32.0,32.0,12898.65240582591,20752.099193081725,11223.21295978548,11223.21295978548,False,False
i.15.10,12,1.818955732122588,0.4502340093603744,31.0,12159770.0,6685028.0,0.9999999999912634,0.999999999716979,0.9999999998010607,0.9999999958911698,2.9557692221420835e-06,1.6823228495371273e-05,1.4104582952339635e-05,6.410015689917883e-05,-2.742844840142311e-10,-3.9098908555246226e-09,1.386745927322919e-05,4.999557394683919e-05,31.0,32.0,12525.731632000767,20738.845957428217,12098.609403852839,12098.609403852839,False,False
i.15.10,13,1.8165135629727003,0.4494948893398223,31.0,11418290.0,6285827.0,0.9999999028001024,0.9999999991761541,0.9999998080293294,0.9999999968149924,0.00031176898114828515,2.870271541458639e-05,0.0004381445773130517,5.6435871028060196e-05,9.63760516947687e-08,1.887856629911866e-07,-0.0002830662657336988,-0.0003817087062849915,31.0,32.0,12703.608317489736,19635.660439271014,10939.40113920113,10939.40113920113,False,False
i.15.10,14,1.8171581405861523,0.44969016308209997,30.0,12059570.0,6636500.0,0.9999976208826116,0.9999999997259031,0.9999979051431664,0.9999999998149208,0.0015424387794653242,1.6555871636577822e-05,0.0014473620257315072,1.360438233282156e-05,2.3788432915727853e-06,2.0946717543823823e-06,-0.0015258829078287463,-0.0014337576433986856,31.0,31.0,12583.533882787917,20434.95475293789,11556.297101803124,11556.297101803124,False,False
i.15.10,15,1.8150878852897632,0.44906248997394493,30.0,11844140.0,6525381.0,0.9999994484486273,0.9999999985521499,0.9999992054378068,0.9999999986051578,0.0007426650474150171,3.805062468533634e-05,0.00089138218127948,3.734758701387284e-05,5.501035226229689e-07,7.931673509098403e-07,-0.0007046144227296808,-0.0008540345942656071,32.0,31.0,12941.958518125117,20317.915626273025,10956.933673223946,10956.933673223946,False,False
i.15.10,16,1.8177683267816618,0.4498748903989934,30.0,12009470.0,6606711.0,0.9999999973213328,0.9999999999999747,0.9999999968363338,0.999999999999966,5.1755842487366344e-05,1.5903137914558526e-07,5.62464772330845e-05,1.8420038095835017e-07,2.6786418638735654e-09,3.163632245062331e-09,-5.159681110822076e-05,-5.606227685212615e-05,32.0,31.0,13112.923283569049,20436.533430919517,11793.756469336338,11793.756469336338,False,False
i.15.10,17,1.8181550538645703,0.44999190367485153,29.0,11363180.0,6249841.0,0.9999982888418429,0.9999999997709013,0.9999979413526969,0.9999999997191359,0.001308112440526236,1.5136009319968949e-05,0.0014347986977539936,1.675900005109002e-05,1.7109290583183778e-06,2.058366438961734e-06,-0.0012929764312062672,-0.0014180396977029035,32.0,30.0,12512.56369813811,19709.97291527642,10736.368051944766,10736.368051944766,False,False
i.15.10,18,1.8181779916194458,0.44999884246244615,31.0,12094640.0,6652066.0,0.9999997692089185,0.9999999928060906,0.9999997881022491,0.9999999942194957,0.00048040720386042124,8.48169169481653e-05,0.0004603235284625843,7.602962757056055e-05,2.2359717211095642e-07,2.0611724660390962e-07,-0.0003955902869122559,-0.00038429390089202376,32.0,32.0,12579.080292942934,20283.488278008066,11144.25766613381,11144.25766613381,False,False
i.15.10,19,1.8192935888085573,0.4503361050951139,27.0,12365180.0,6796693.0,0.999999870551841,0.9999999933545697,0.9999999209847715,0.9999999964070254,0.0003597890479105006,8.151950885418595e-05,0.0002810964753729744,5.99414263162418e-05,1.2280272865261566e-07,7.542225388679213e-08,-0.00027826953905631466,-0.00022115504905673259,31.0,28.0,12335.171202735044,20815.905547175556,11440.51788440533,11440.51788440533,False,False
i.15.10,20,1.817262487887468,0.44972176189996615,30.0,10922300.0,6010304.0,0.999999064098882,0.9999999903729042,0.9999993220321906,0.9999999935548872,0.0009674198251382098,9.811776475663735e-05,0.0008233880065975905,8.02814593971743e-05,9.262740222615307e-07,6.715226966713672e-07,-0.0008693020603815724,-0.0007431065472004162,32.0,31.0,13672.760098492727,19288.412877785042,10323.701226954814,10323.701226954814,False,False
i.15.10,21,1.8173623430658146,0.44975199699965085,31.0,11598650.0,6382134.0,0.9999999991215172,0.9999999988162144,0.9999999977028073,0.9999999982436021,2.9639211355473357e-05,3.440618603364774e-05,4.7929038298550144e-05,4.1909401086852216e-05,-3.0530278305462843e-10,5.40794742320827e-10,4.7669746781743805e-06,-6.019637211697928e-06,31.0,32.0,13119.4758013729,29169.629976586904,12556.137566274963,12556.137566274963,False,False
i.15.10,22,1.8156870572634025,0.44924429790935627,31.0,10852160.0,5976889.0,0.9999999682482942,0.9999999999714009,0.9999999531369078,0.9999999999721979,0.00017819008348476728,5.347819153156371e-06,0.00021647884934777496,5.272772386326676e-06,3.172310669707912e-08,4.6835290090641024e-08,-0.00017284226433161092,-0.00021120607696144828,32.0,32.0,13156.724845655262,28291.08269558847,11951.113796625286,11951.113796625286,False,False
i.15.10,23,1.8140677710923132,0.44875267840855504,31.0,11988929.0,6608865.0,0.9999999913156454,0.9999999987582879,0.9999999900011496,0.9999999988493484,9.318988443413927e-05,3.5237935004188435e-05,9.999425165317674e-05,3.3921255392407115e-05,7.442642502297758e-09,8.848198840283317e-09,-5.795194942995083e-05,-6.607299626076963e-05,32.0,32.0,12939.12929760199,29656.15639466839,12678.079124405514,12678.079124405514,False,False
i.15.10,24,1.8167604762523006,0.44956970769044513,30.0,11894240.0,6546950.0,0.9999990242170205,0.9999999308665547,0.9999989850041003,0.9999999317672148,0.0009878172804548137,0.00026293239681611725,0.0010074700490220155,0.00026121406003320373,9.066495342269221e-07,9.467631144621791e-07,-0.0007248848836386964,-0.0007462559889888118,32.0,31.0,12708.297740136739,29537.3585290825,12795.667975893244,12795.667975893244,False,False
i.15.10,25,1.8170253071645528,0.4496499327461275,29.0,11523500.0,6341959.0,0.9999999999999292,0.9999999999786161,0.9999999999999555,0.999999999984334,2.661046482142949e-07,4.6242688365739385e-06,2.110925936398127e-07,3.958029092282447e-06,-2.1313062426031593e-11,-1.5621504090290728e-11,4.3581641883596436e-06,3.746936498642634e-06,29.0,30.0,12241.129831091966,28806.93997576274,13525.259736022446,13525.259736022446,False,False
i.15.10,26,1.8162883697226269,0.44942663474043265,31.0,12395240.0,6824489.0,0.9999992182052488,0.9999999999604163,0.9999989262830051,0.9999999998441899,0.0008841915805975202,6.2915529104805875e-06,0.0010362031629369995,1.2482393264997595e-05,7.817551674893508e-07,1.0735611847279003e-06,-0.0008779000276870397,-0.0010237207696720018,32.0,32.0,13987.900734053925,22881.049625878222,12254.28405005671,12254.28405005671,False,False
i.15.10,27,1.816526925371452,0.44949893886350445,30.0,12505460.0,6884269.0,0.9999992034396957,0.9999999825076757,0.9999991709366257,0.9999999873725312,0.0008925022712773491,0.00013225855076691656,0.0009105291726737058,0.00011237201104475879,7.790679800168121e-07,8.164359054374515e-07,-0.0007602437205104325,-0.0007981571616289471,31.0,31.0,15794.457999639679,23119.305639153346,11948.634196581785,11948.634196581785,False,False
i.15.10,28,1.8154234298312415,0.4491643197020112,28.0,7044560.0,3880395.0,0.9999999999983386,1.0,0.9999999999644648,1.0,1.2889610970642113e-06,6.451963582590981e-10,5.96114240881437e-06,9.959244619383768e-10,1.6614487563515468e-12,3.553524141608477e-11,-1.2883159007059523e-06,-5.960146484352431e-06,31.0,29.0,13131.21810513502,13217.711708104238,7289.10857440345,7289.10857440345,False,False
i.15.10,29,1.8158710881428624,0.4493001146778952,30.0,11423300.0,6290810.0,0.9999999999166125,0.9999999753237057,0.9999999999278423,0.9999999839620456,9.13167842466186e-06,0.00015708690043740147,8.494567362677473e-06,0.00012664104554946807,-2.4592906822107352e-08,-1.5965796684724864e-08,0.00014795522201273962,0.0001181464781867906,32.0,31.0,13348.584028948098,21476.71389878262,11436.204656822607,11436.204656822607,False,False
i.15.10,30,1.8223445990051974,0.4512563647150536,30.0,10736930.0,5891822.0,0.9999999961082424,0.9999999998840258,0.9999999976722586,0.9999999999010174,6.238395270276992e-05,1.0769134298436078e-05,4.824667287669851e-05,9.948997233160976e-06,3.775783352644169e-09,2.228758844147194e-09,-5.161481840433384e-05,-3.829767564353753e-05,32.0,31.0,12869.131180968601,21221.873154394794,11199.664277215954,11199.664277215954,False,False
i.30.3,1,1.8095943148947127,0.4473899526711418,31.0,1293080.0,714569.0,0.9997574523150404,1.0,0.9996958273795435,1.0,0.015573942498915262,6.079875634682603e-11,0.017440545302726644,6.41191014100943e-11,0.0002425476849595709,0.00030417262045645543,-0.015573942438116505,-0.01744054523860754,31.0,32.0,20258.397269635927,1824.0465908558108,1198.4913612585515,1198.4913612585515,False,False
i.30.3,2,1.8213138512778388,0.4509458107407478,25.0,5767010.0,3166401.0,1.0,1.0,1.0,1.0,9.447168089199506e-10,3.1829686178118727e-16,9.931908825338717e-10,3.1431241954218835e-16,0.0,0.0,-9.447164906230888e-10,-9.93190568221452e-10,31.0,26.0,8238.21811245894,8836.486313836649,5691.593061218504,5691.593061218504,False,False
i.30.3,3,1.817301327050997,0.4497335223857799,31.0,3011510.0,1657133.0,1.0,1.0,1.0,1.0,5.267992140098574e-14,1.232875091991173e-12,5.3772060621009804e-14,1.151374108610662e-12,0.0,0.0,1.1801951705901873e-12,1.097602047989652e-12,31.0,32.0,8279.326233713888,4189.170641022734,2918.853529116139,2918.853529116139,False,False
i.30.3,4,1.8263432288949049,0.4524577942531174,25.0,12635720.0,6918590.0,0.9999999999999999,1.0,0.9999999999999999,1.0,8.652824536106394e-09,2.562372711476044e-16,9.261753487598195e-09,2.2101133617065045e-16,1.1102230246251565e-16,1.1102230246251565e-16,-8.652824279869122e-09,-9.26175326658686e-09,25.0,26.0,10803.516969851684,23825.50427642977,13678.059776974376,13678.059776974376,False,False
i.30.3,5,1.819401627629543,0.4503687449687086,14.0,5391260.0,2963205.0,1.0,1.0,1.0,1.0,3.3454454396174567e-13,1.675758898889877e-11,3.185272107534022e-13,1.6487681686438382e-11,0.0,0.0,1.6423044444937026e-11,1.616915447568498e-11,23.0,15.0,13823.665525249206,7729.031155793462,5132.543016794603,5132.543016794603,False,False
i.30.3,6,1.8109013904346556,0.4477888165075745,26.0,1438370.0,794284.0,1.0,1.0,1.0,1.0,1.2468012217909468e-11,2.243314424939469e-16,1.1337574310198292e-11,3.210774848395061e-16,0.0,0.0,-1.2467787886466974e-11,-1.1337253232713453e-11,30.0,27.0,5597.661892083939,1699.9787154886872,1380.1892304760404,1380.1892304760404,False,False
i.30.3,7,1.8194843880456448,0.450393745299389,17.0,4068620.0,2236139.0,1.0,1.0,1.0,1.0,5.0670159266938505e-09,2.528191400721059e-16,5.275260779161444e-09,2.603938924935946e-16,0.0,0.0,-5.0670156738747105e-09,-5.2752605187675514e-09,32.0,18.0,9886.228715174831,6299.7497348957695,4066.7357743163593,4066.7357743163593,False,False
i.30.3,8,1.8229028919166086,0.4514244261532794,26.0,6623720.0,3633611.0,1.0,1.0,1.0,1.0,4.053893418863929e-11,2.299170449797727e-11,3.764259639136615e-11,2.2394532993685015e-11,0.0,0.0,-1.754722969066202e-11,-1.5248063397681137e-11,30.0,27.0,4758.210519419983,11405.527672121767,6855.101316877175,6855.101316877175,False,False
i.30.3,9,1.81449399882519,0.4488821673439214,30.0,2069630.0,1140610.0,1.0,1.0,1.0,1.0,1.9477214190533184e-11,9.83821430297134e-12,1.7360146862630115e-11,9.500444119226381e-12,0.0,0.0,-9.638999887561845e-12,-7.859702743403734e-12,25.0,31.0,10386.479032104835,3650.5118449833244,2371.0097395377234,2371.0097395377234,False,False
i.30.3,10,1.8074703968333836,0.44674059295689694,21.0,1077650.0,596220.0,0.9998006881901058,1.0,0.999818659863635,1.0,0.014117783462504155,1.7200644512843382e-09,0.013466259182303696,1.932043434219514e-09,0.00019931180989418706,0.00018134013636494917,-0.014117781742439703,-0.013466257250260261,32.0,22.0,15845.738529263064,1456.5633378583007,960.8726064255461,960.8726064255461,False,False
i.30.3,11,1.818046376188384,0.44995902574468705,30.0,3111710.0,1711568.0,1.0,1.0,1.0,1.0,1.0872743510368454e-10,4.727514627420694e-13,1.0522165984559122e-10,4.296710768023868e-13,0.0,0.0,-1.0825468364094247e-10,-1.0479198876878883e-10,32.0,31.0,6531.38749459805,4196.381177356467,2918.231897333637,2918.231897333637,False,False
i.30.3,12,1.8243150234562908,0.45184905723934077,29.0,5937350.0,3254564.0,1.0,1.0,1.0,1.0,3.0008006264100414e-09,4.260307347190432e-09,3.0543949636797647e-09,4.364045603411517e-09,0.0,0.0,1.259506720780391e-09,1.3096506397317522e-09,30.0,30.0,8503.220605779905,9859.175207707565,5932.937706738245,5932.937706738245,False,False
i.30.3,13,1.8212270446091938,0.45091964071147206,26.0,2871230.0,1576536.0,1.0,1.0,1.0,1.0,5.13660205137049e-09,9.821060242482004e-12,5.310537113944656e-09,9.679563373856032e-12,0.0,0.0,-5.126780991128008e-09,-5.3008575505708e-09,32.0,27.0,3541.2137615638785,4398.5831203018315,2554.278149000369,2554.278149000369,False,False
i.30.3,14,1.8317149277791311,0.45406352001921324,23.0,10992440.0,6001174.0,1.0,1.0,1.0,1.0,1.434750185365094e-09,1.1650648461889137e-10,1.2712152372078444e-09,1.0619431991995631e-10,0.0,0.0,-1.3182437007462027e-09,-1.1650209172878881e-09,26.0,24.0,7084.711696621031,21285.213570337277,11716.568338520825,11716.568338520825,False,False
i.30.3,15,1.8120411181865703,0.44813614328974705,17.0,2440370.0,1346752.0,0.9999722968535559,1.0,0.9999522501636968,1.0,0.005263377854960442,2.464920660920107e-16,0.006910125635848928,2.570805521382708e-16,2.7703146444069127e-05,4.7749836303179194e-05,-0.005263377854960196,-0.006910125635848671,32.0,18.0,15488.25646507321,2814.1366430721246,1992.4201529547572,1992.4201529547572,False,True
i.30.3,16,1.8084050021906186,0.4470265240426531,20.0,1192880.0,659631.0,1.0,1.0,1.0,1.0,8.506553605702096e-10,2.805318860765191e-16,9.075240841422264e-10,3.0653662348726954e-16,0.0,0.0,-8.506550800383235e-10,-9.07523777605603e-10,28.0,21.0,2959.6893563470803,1346.5643321503885,994.8862568265758,994.8862568265758,False,False
i.30.3,17,1.8227630956216807,0.45138235330634946,27.0,6443360.0,3534941.0,0.9991114501774081,1.0,0.9990387951066156,1.0,0.029808552842965595,3.626357300319457e-11,0.031003304555874488,3.550077037974501e-11,0.0008885498225918997,0.0009612048933843598,-0.029808552806702023,-0.03100330452037372,32.0,28.0,14590.792445108294,10726.300982638728,6392.743591852486,6392.743591852486,False,False
i.30.3,18,1.814934631500425,0.4490159685953594,31.0,3793070.0,2089921.0,0.999943945886456,1.0,0.9999516168326898,1.0,0.0074869295137626616,1.224092810688649e-09,0.0069558009826474,1.2830705535546684e-09,5.605411354403511e-05,4.838316731015091e-05,-0.007486928289669851,-0.0069557996995768465,31.0,32.0,15184.311116162222,5822.544125998393,4002.8753181216307,4002.8753181216307,False,False
i.30.3,19,1.8186724707884658,0.45014838237120247,26.0,5556590.0,3055300.0,0.9998763981606605,1.0,0.999888941174551,1.0,0.011117636409752467,3.6616720196041027e-16,0.010538445115339724,4.385615323176513e-16,0.00012360183933946,0.00011105882544903967,-0.0111176364097521,-0.010538445115339285,32.0,27.0,15981.175719093997,8597.246147061698,5498.498248413205,5498.498248413205,False,False
i.30.3,20,1.8125498173510102,0.4482910260301306,24.0,1548590.0,854371.0,1.0,1.0,1.0,1.0,5.965105814464876e-10,1.9686530062816376e-09,6.048027092048656e-10,2.0455931082195514e-09,0.0,0.0,1.37214242483515e-09,1.4407903990146857e-09,28.0,25.0,7224.869327893015,1864.4375453554094,1297.7129364903085,1297.7129364903085,False,False
i.30.3,21,1.8245310551495149,0.4519139604789829,30.0,4058600.0,2224462.0,1.0,0.9999999999999999,1.0,0.9999999999999999,2.4709221399305458e-09,8.000205849642033e-09,2.4223413724338146e-09,8.035325123551984e-09,-1.1102230246251565e-16,-1.1102230246251565e-16,5.529283709711488e-09,5.61298375111817e-09,25.0,31.0,13513.310540283099,8023.609080852475,5062.141565669328,5062.141565669328,False,False
i.30.3,22,1.8138137120100983,0.44867546574461414,22.0,1819130.0,1002931.0,1.0,1.0,1.0,1.0,3.5393572522993512e-16,2.5278326225211445e-16,3.7730959605185563e-16,2.9092031324091413e-16,0.0,0.0,-1.0115246297782067e-16,-8.63892828109415e-17,29.0,23.0,1324.282239410095,3115.91327538481,2036.7945429072715,2036.7945429072715,False,True
i.30.3,23,1.805787295236866,0.4462249221501863,13.0,195890.0,108479.0,0.9999999999999999,1.0,0.9999999999999998,1.0,1.2332383080616424e-08,2.334987918701682e-16,1.3611161468233371e-08,3.1021189052566044e-16,1.1102230246251565e-16,2.220446049250313e-16,-1.2332382847117633e-08,-1.3611161158021481e-08,32.0,14.0,2604.810269273352,250.25154250813648,135.71160380216315,135.71160380216315,False,True
i.30.3,24,1.8257272189214082,0.45227305063087475,26.0,7520510.0,4119186.0,0.998573157088991,1.0,0.9982916672800786,1.0,0.037773574241908824,3.111475961968996e-16,0.04133198180491078,3.814322484238149e-16,0.0014268429110090297,0.0017083327199214349,-0.03777357424190851,-0.0413319818049104,32.0,27.0,17101.364710391965,15038.818965038285,8152.039850423578,8152.039850423578,False,False
i.30.3,25,1.8241860883117562,0.4518103134283422,30.0,9499460.0,5207506.0,1.0,1.0,1.0,1.0,4.8743348369908076e-12,6.148939264767344e-10,5.165917033437386e-12,6.648408681664544e-10,0.0,0.0,6.100195916397436e-10,6.59674951133017e-10,32.0,31.0,1564.0062891603447,19420.078777722083,11270.861733088735,11270.861733088735,False,False
i.30.3,26,1.8219856552049416,0.45114825841616324,26.0,7540550.0,4138644.0,1.0,1.0,1.0,1.0,2.0848538548842918e-10,2.4231153201470584e-16,2.1499734855485707e-10,2.6912607079656464e-16,0.0,0.0,-2.0848514317689717e-10,-2.1499707942878627e-10,27.0,27.0,932.9073761031032,14818.760683848057,8507.958013348747,8507.958013348747,False,True
i.30.3,27,1.8277219370142301,0.4528708225532371,29.0,10451360.0,5718244.0,1.0,1.0,1.0,1.0,1.761964528910419e-09,7.854090659716828e-12,1.6852350535168553e-09,7.600725344032206e-12,0.0,0.0,-1.7541104382507022e-09,-1.6776343281728231e-09,28.0,30.0,14074.922127140686,20970.398977011908,11541.354819359258,11541.354819359258,False,False
i.30.3,28,1.8194327322068882,0.45037814133032217,20.0,3808100.0,2093015.0,1.0,1.0,1.0,1.0,1.4226564605425876e-15,2.750175799282507e-12,1.4038333660471053e-15,2.6625556775897343e-12,0.0,0.0,2.7487531428219647e-12,2.661151844223687e-12,29.0,21.0,15626.208377674222,5256.896841666661,3864.934120385442,3864.934120385442,False,False
i.30.3,30,1.8283395654386456,0.45305564737364024,30.0,9499460.0,5195676.0,1.0,1.0,1.0,1.0,3.4776641792254567e-10,2.52895094621184e-09,3.6577997553728663e-10,2.7014315109357925e-09,0.0,0.0,2.1811845282892944e-09,2.335651535398506e-09,29.0,31.0,690.7491845479235,20616.54728162149,11172.271806852426,11172.271806852426,False,False
i.37.4,1,1.8093851891342017,0.4473260829118956,26.0,5912300.0,3267574.0,1.0,1.0,1.0,1.0,8.827617222702926e-11,1.0800950990836124e-09,9.035709535520113e-11,1.1768749576963066e-09,0.0,0.0,9.918189268565832e-10,1.0865178623411055e-09,31.0,27.0,13276.888093173038,10227.386081177741,6836.198073498439,6836.198073498439,False,False
i.37.4,2,1.812532268050037,0.44828568427318405,30.0,5711900.0,3151337.0,1.0,1.0,1.0,1.0,4.759782998668393e-09,6.513225994392218e-10,4.4027538264082406e-09,6.247989886932353e-10,0.0,0.0,-4.108460399229171e-09,-3.777954837715005e-09,32.0,31.0,14584.565505327657,11562.404134171084,6584.186607824173,6584.186607824173,False,False
i.37.4,3,1.7946683801817658,0.44279399412011755,23.0,952400.0,530683.0,0.9988819117262006,1.0,0.9987483473879136,1.0,0.03343782698979466,2.5784976244215655e-13,0.03537870280389562,2.428857343150011e-13,0.0011180882737994446,0.0012516526120863736,-0.03343782698953681,-0.03537870280365273,32.0,24.0,14170.366433850955,1629.824054013472,959.3588819443248,959.3588819443248,False,False
i.37.4,4,1.814328483431585,0.44883189062400664,30.0,11954360.0,6588862.0,0.9998036292899783,0.9998476224826393,0.999837854628048,0.9998689133253656,0.014013233389253359,0.012344128861963958,0.012733631530400082,0.011449308915140417,4.399319266090718e-05,3.10586973176763e-05,-0.0016691045272894008,-0.0012843226152596653,31.0,31.0,14637.335936748888,27277.70739544835,14367.226125357673,14367.226125357673,False,False
i.37.4,5,1.8003434783311172,0.4445504360495809,20.0,1894280.0,1052177.0,1.0,1.0,1.0,1.0,7.89887008471246e-16,1.50016137686004e-11,8.286448033093013e-16,1.4380443957948475e-11,0.0,0.0,1.500082388159193e-11,1.4379615313145166e-11,26.0,21.0,13534.671178503893,3088.2447913708165,2078.257229926996,2078.257229926996,False,False
i.37.4,6,1.8094905106354693,0.4473582513296446,31.0,11841134.0,6543905.0,1.0,0.9999973492716275,1.0,0.9999963986456133,9.850317385190565e-12,0.0016281057620751655,9.378458426888937e-12,0.0018977234747659594,-2.650728372466382e-06,-3.60135438670639e-06,0.001628105752224848,0.001897723465387501,23.0,32.0,1115.1915605128743,27663.839057413395,14671.520264002495,14671.520264002495,True,False
i.37.4,7,1.8109989358977745,0.44781856014494803,29.0,7064600.0,3900941.0,1.0,1.0,1.0,1.0,1.6820695697492738e-09,1.1592532797824961e-11,1.7158697401598879e-09,1.1487231863705402e-11,0.0,0.0,-1.6704770369514489e-09,-1.7043825082961826e-09,31.0,30.0,6640.853148828261,16617.41223667795,10001.598742275033,10001.598742275033,False,False
i.37.4,8,1.8061481375926594,0.4463355584260885,20.0,2585660.0,1431588.0,1.0,1.0,1.0,1.0,2.9280632960026106e-13,1.5342256470559109e-12,3.1520867908006304e-13,1.7728209461059017e-12,0.0,0.0,1.2414193174556497e-12,1.4576122670258387e-12,31.0,21.0,11510.998998174444,6168.3733617826365,3396.679851961788,3396.679851961788,False,False
i.37.4,9,1.8050485849527238,0.4459982914940812,23.0,2786060.0,1543482.0,0.9993946780171425,1.0,0.9992486520883136,1.0,0.024603292114216628,1.1446963162749742e-09,0.02741072621596105,1.226909421281459e-09,0.0006053219828574541,0.0007513479116864064,-0.02460329096952031,-0.02741072498905163,31.0,24.0,14294.984311573673,5509.965406007133,3425.912337556947,3425.912337556947,False,False
i.37.4,10,1.8062333558889028,0.44636168037774426,11.0,5135750.0,2843348.0,0.999999999997725,1.0,0.999999999997723,1.0,1.5082954453035255e-06,1.56662409438132e-16,1.5089582999048058e-06,1.5738937733849374e-16,2.2749579997594083e-12,2.2769564012037335e-12,-1.5082954451468631e-06,-1.5089582997474165e-06,32.0,12.0,13375.82706278516,12642.528756938409,7166.0049988487735,7166.0049988487735,False,True
i.37.4,11,1.816458410457318,0.44947817453842154,31.0,11643740.0,6410133.0,0.9995720490080934,0.9997394254310005,0.999527814973858,0.9996181727401514,0.020686976383864714,0.016142322292641897,0.021729818824416446,0.019540400708494995,0.0001673764229070951,9.035776629340297e-05,-0.004544654091222816,-0.0021894181159214515,32.0,32.0,14916.14459118573,26749.937669054605,14277.607948362362,14277.607948362362,False,False
i.37.4,12,1.81138085689754,0.4479349849634827,31.0,11172800.0,6168112.0,0.999999994170512,0.9994444309634207,0.9999999961412998,0.999564720764385,7.635108404735478e-05,0.023570512013515513,6.211843740268585e-05,0.02086334670217178,-0.0005555632070912697,-0.0004352753769147899,0.02349416092946816,0.020801228264769094,31.0,32.0,13574.371262331959,25375.9093914954,13446.549506376963,13446.549506376963,False,False
i.37.4,13,1.809114790634405,0.44724347776222173,18.0,7149770.0,3952082.0,0.9995324164008069,1.0,0.9994009110995976,1.0,0.02162368144403382,1.5681479010826788e-16,0.024476292619643424,1.6136114204714785e-16,0.0004675835991930777,0.0005990889004023892,-0.021623681444033663,-0.02447629261964326,31.0,19.0,13696.976608919911,12720.44509196002,8063.84707825724,8063.84707825724,False,False
i.37.4,14,1.7957773484873905,0.4431380923462953,30.0,1498490.0,834452.0,0.9998993069354617,1.0,0.9999074960908605,1.0,0.010034593391778904,1.634228419443256e-16,0.009617895255176945,1.5870024098824444e-16,0.00010069306453830418,9.250390913950746e-05,-0.010034593391778741,-0.009617895255176787,32.0,31.0,13947.386640821118,2655.669449674897,1737.0710402093828,1737.0710402093828,False,False
i.37.4,15,1.8027945822676559,0.4453056328014121,26.0,3642770.0,2020624.0,0.9993557857244219,1.0,0.9993790026844601,1.0,0.025381376550103973,2.618758258692075e-14,0.024919817726858067,2.8435266562091955e-14,0.0006442142755781477,0.000620997315539884,-0.025381376550077786,-0.02491981772682963,32.0,27.0,14296.0819333978,5834.09251452703,3557.1825807066634,3557.1825807066634,False,False
i.37.4,16,1.812634430067314,0.4483167794827422,31.0,11418290.0,6299279.0,0.9993057022270456,0.999949594357747,0.999439189908906,0.99995480122595,0.02634953079192003,0.007099693109772866,0.02368142924517102,0.006723003350437836,0.0006438921307013734,0.0005156113170440291,-0.019249837682147164,-0.016958425894733183,32.0,32.0,14096.046110271942,23722.13742101798,13673.953715228941,13673.953715228941,False,False
i.37.4,17,1.8158487826200034,0.4492933499907703,31.0,12134720.0,6682671.0,1.0,0.9999999999999649,1.0,0.9999999999999585,1.1672453053203006e-11,1.8723159668062756e-07,1.4348246608195174e-11,2.0386960171415399e-07,-3.5083047578154947e-14,-4.1522341120980855e-14,1.8721992422757435e-07,2.038552534675458e-07,32.0,32.0,7773.808498403989,25936.949556825217,14575.030283588916,14575.030283588916,False,False
i.37.4,18,1.8076539582522095,0.446796774662069,27.0,6127730.0,3389880.0,0.999715617599366,1.0,0.9997665469174515,1.0,0.016863641381207082,9.639937044547208e-11,0.015279171526904592,9.855215208608222e-11,0.0002843824006339979,0.00023345308254851815,-0.01686364128480771,-0.01527917142835244,32.0,28.0,13732.191602380015,13100.06549482327,7199.150268924423,7199.150268924423,False,False
i.37.4,19,1.8202335406141847,0.45061994645885983,31.0,7340150.0,4032532.0,0.997383200759744,0.9999966173348954,0.9975808220966206,0.9999961977535788,0.05115466000528285,0.0018392023011686459,0.04918513905011822,0.0019499349786988051,0.0026134165751514615,0.002415375656958263,-0.049315457704114204,-0.047235204071419415,31.0,32.0,15122.49242733093,20226.860759933013,9486.487411948852,9486.487411948852,False,False
i.37.4,20,1.8012974162629973,0.4448445931407501,31.0,2370230.0,1315846.0,0.999502765922125,1.0,0.9994275233787547,1.0,0.022298746105444713,1.1581443285647848e-10,0.023926483679080027,1.396108235227411e-10,0.0004972340778750528,0.0005724766212452659,-0.02229874598963028,-0.023926483539469204,32.0,32.0,14057.764648932032,3209.137743265368,2468.5205902517773,2468.5205902517773,False,False
i.37.4,21,1.8028802997573448,0.4453320056053677,17.0,2490470.0,1381384.0,0.9992571391915829,1.0,0.9994438026086946,1.0,0.027255472999328404,5.669284034976336e-16,0.023583837501676173,5.064328308292226e-16,0.0007428608084171229,0.000556197391305413,-0.02725547299932784,-0.023583837501675666,32.0,18.0,15750.821618032176,4392.801425401121,2774.459056195803,2774.459056195803,False,False
i.37.4,22,1.7835227194023373,0.4393118802909882,26.0,386270.0,216577.0,0.9977016209456014,1.0,0.9965977144111324,1.0,0.04794141272843887,2.1361757264428683e-16,0.058329114418680654,2.3201594505169905e-16,0.0022983790543985583,0.0034022855888675707,-0.04794141272843865,-0.058329114418680425,32.0,27.0,14114.474628611002,388.8266956843436,359.82708945078775,359.82708945078775,False,False
i.37.4,23,1.7953461369665458,0.4430043436138611,19.0,1558610.0,868139.0,1.0,1.0,1.0,1.0,1.4416158901128656e-12,3.209210128796169e-10,1.4309060541448013e-12,3.370480256477974e-10,0.0,0.0,3.19479396989504e-10,3.3561711959365256e-10,32.0,20.0,9725.410914890002,2148.0363940917887,1415.1213303143159,1415.1213303143159,False,False
i.37.4,24,1.8175957357153094,0.44982265288686263,19.0,8497460.0,4675110.0,0.9991927086319132,1.0,0.9993541514047781,1.0,0.028412873281081236,9.723891138789624e-12,0.025413551409077428,9.017890083119383e-12,0.000807291368086771,0.0006458485952218762,-0.028412873271357345,-0.025413551400059537,32.0,20.0,14245.693286099005,16191.417041135486,10869.850643900689,10869.850643900689,False,False
i.37.4,25,1.8158487393119314,0.4492933368563926,29.0,11618690.0,6398490.0,0.9996113003605985,0.9999762034297357,0.9996280581233251,0.9999725400489727,0.019715467009468027,0.004878172840759346,0.01928579468611177,0.005240224329864914,0.00036490306913716797,0.0003444819256476217,-0.014837294168708682,-0.014045570356246855,32.0,30.0,14530.113231784198,23614.639214905445,13471.279191179667,13471.279191179667,False,False
i.37.4,26,1.7997408051081358,0.44436443449982455,21.0,4218920.0,2344182.0,0.9999999998380013,1.0,0.9999999998454935,1.0,1.2727874909731364e-05,4.180933522041877e-16,1.2430066670400679e-05,4.215731952362229e-16,1.6199874774969203e-10,1.5450651869031162e-10,-1.272787490931327e-05,-1.2430066669979106e-05,32.0,22.0,14031.808662674855,7979.16620643856,5006.049560794607,5006.049560794607,False,False
i.37.4,27,1.8150522454925773,0.4490516719376222,31.0,11262980.0,6205320.0,1.0,0.9999453361831862,1.0,0.9999518528826096,2.330783451528297e-16,0.0073934982798327855,2.4692987929187016e-16,0.006938812390487217,-5.466381681384913e-05,-4.8147117390429095e-05,0.007393498279832552,0.00693881239048697,23.0,32.0,534.3588711046614,24234.59817032842,13715.156864084769,13715.156864084769,False,False
i.37.4,28,1.8020160894021597,0.44506599808897274,28.0,2365220.0,1312541.0,0.9999999999999999,1.0,0.9999999999999999,1.0,1.0135004266489725e-08,4.261642079459157e-12,1.0373058024987328e-08,4.469508015456587e-12,1.1102230246251565e-16,1.1102230246251565e-16,-1.0130742624410266e-08,-1.0368588516971871e-08,31.0,29.0,14586.292644376867,4509.068101604935,2785.1392033528537,2785.1392033528537,False,False
i.37.4,29,1.7978076139191304,0.4437669568992144,30.0,1197890.0,666306.0,0.9997915711882975,1.0,0.9997711347931996,1.0,0.014437063818603364,4.2175130254555576e-10,0.015128291602174687,4.089582578142595e-10,0.00020842881170246574,0.00022886520680043265,-0.014437063396852062,-0.01512829119321643,31.0,31.0,14064.413338686805,2295.5325666726567,1568.1981069715694,1568.1981069715694,False,False
i.37.4,30,1.7997005442376206,0.4443520044477096,31.0,2014520.0,1119364.0,0.9994570318164934,1.0,0.9993296889062409,1.0,0.023301677697251735,3.9605264892796835e-10,0.025890366813916443,3.951656275680262e-10,0.0005429681835066313,0.0006703110937591461,-0.023301677301199086,-0.025890366418750817,31.0,32.0,15379.051529734861,3082.7000806718133,2205.756535010878,2205.756535010878,False,False
ii.11.27,1,1.7836668928379367,0.4393572005987445,28.0,5170820.0,2898983.0,1.0,1.0,1.0,1.0,7.612528046638273e-17,3.2912244696796717e-16,1.7898538624230862e-14,5.877207137396185e-14,0.0,0.0,2.5299716650158444e-16,4.087353274973098e-14,32.0,29.0,2747.9833316355944,8465.402168372646,6432.48734353669,6432.48734353669,False,True
ii.11.27,2,1.7769865161316367,0.4372495283886997,24.0,3477440.0,1956931.0,1.0,1.0,1.0,1.0,9.08443011503958e-19,5.2696251146568575e-18,1.2659513706233037e-18,1.6401742558030898e-18,0.0,0.0,4.361182103152899e-18,3.7422288517978612e-19,18.0,25.0,12351.948324010707,4599.410886332858,3669.092249479145,3669.092249479145,True,False
ii.11.27,3,1.7800819529245102,0.43822811171300713,21.0,4033550.0,2265935.0,0.9999999999999996,1.0,1.0,1.0,2.0336889180257276e-08,2.1017981021430518e-17,1.525876324895055e-09,3.517349903511913e-16,4.440892098500626e-16,0.0,-2.0336889159239295e-08,-1.5258759731600646e-09,32.0,22.0,14376.175197491888,6221.963094953913,5032.206276725978,5032.206276725978,False,False
ii.11.27,4,1.7811603640140605,0.43856823888311836,29.0,2445380.0,1372914.0,1.0,1.0,1.0,1.0,8.793996463697576e-16,2.5819073792742394e-16,2.2786339714997332e-15,9.988926263953806e-17,0.0,0.0,-6.212089084423337e-16,-2.1787447088601953e-15,24.0,30.0,12175.510074127931,3250.288623567205,2622.176084264647,2622.176084264647,False,True
ii.11.27,5,1.7782004711269621,0.43763371102571214,11.0,4038560.0,2271150.0,1.0,1.0,1.0,1.0,1.0147952743011401e-17,4.300472886696111e-18,1.0808692842350647e-16,5.22653791662596e-19,0.0,0.0,-5.84747985631529e-18,-1.0756427463184386e-16,32.0,12.0,2245.591509666294,6394.2778470776975,4615.838806912303,4615.838806912303,False,True
ii.11.27,6,1.7691639140363755,0.43476124961282747,17.0,1388270.0,784704.0,1.0,1.0,1.0,1.0,8.303322855354153e-16,4.95021587098791e-16,1.761585350736231e-15,6.279661132497237e-16,0.0,0.0,-3.353106984366243e-16,-1.1336192374865073e-15,32.0,18.0,7584.639624208212,1413.191534334328,1281.3591547426768,1281.3591547426768,False,False
ii.11.27,7,1.7786079228991718,0.43776254050978425,30.0,2425340.0,1363617.0,0.9999999999999994,1.0,0.9999999999999996,1.0,2.2709480243438946e-08,1.4567588376877525e-15,2.1017622628493324e-08,2.6749616669867995e-15,5.551115123125783e-16,4.440892098500626e-16,-2.2709478786680108e-08,-2.1017619953531658e-08,31.0,31.0,15869.316500600893,3287.6645802338608,2745.4158891583793,2745.4158891583793,False,False
ii.11.27,8,1.7873842380971257,0.4405232077772969,17.0,5591660.0,3128404.0,1.0,1.0,1.0,1.0,1.0783339729888766e-16,1.9241100218221266e-17,2.8354097282900465e-17,2.42164495558483e-17,0.0,0.0,-8.85922970806664e-17,-4.137647727052164e-18,12.0,18.0,12617.440044449642,9193.920478843618,5839.9539395570755,5839.9539395570755,True,False
ii.11.27,9,1.7753322564688276,0.43672515589334215,24.0,3136760.0,1766858.0,1.0,1.0,1.0,1.0,7.201857928552358e-16,7.299750353332865e-16,1.842609361090156e-15,1.6550623547063354e-15,0.0,0.0,9.78924247805068e-18,-1.875470063838206e-16,30.0,25.0,11113.682356337085,4203.539503836539,3482.8965843743645,3482.8965843743645,False,False
ii.11.27,10,1.7830729711956876,0.439170456759589,31.0,5696870.0,3194973.0,0.9999999999999972,1.0,0.9999999999999994,1.0,5.2985643621820106e-08,2.5547423275987324e-15,2.4485416040768633e-08,6.254403614972077e-16,2.7755575615628914e-15,5.551115123125783e-16,-5.298564106707778e-08,-2.4485415415328273e-08,32.0,32.0,18381.37387378374,9565.318341833074,7271.691543053836,7271.691543053836,False,True
ii.11.27,11,1.7721984152512182,0.43572909703891993,26.0,2049590.0,1156524.0,1.0,1.0,1.0,1.0,4.3754810497265185e-11,7.080752791891785e-18,1.711284880979507e-09,1.9902195261940773e-16,0.0,0.0,-4.375480341651239e-11,-1.7112846819575544e-09,32.0,27.0,19008.979240380693,2748.556166750379,2098.4330135216005,2098.4330135216005,False,True
ii.11.27,12,1.7828527445352897,0.43910118036099755,27.0,4790060.0,2686739.0,1.0,1.0,1.0,1.0,2.1296104079566896e-17,9.812183860048244e-17,1.4019179402976527e-16,7.009594150573908e-16,0.0,0.0,7.682573452091554e-17,5.607676210276255e-16,23.0,28.0,1056.2576984493062,7805.011260802392,5522.2259365404025,5522.2259365404025,True,False
ii.11.27,13,1.794215994735763,0.442653502736569,24.0,8357180.0,4657845.0,1.0,1.0,0.9999999999999996,1.0,2.083081043024388e-12,9.87510085301836e-19,2.2172512349184074e-08,5.255371330588445e-16,0.0,4.440892098500626e-16,-2.0830800555143027e-12,-2.2172511823646942e-08,32.0,25.0,16274.574949486647,15614.632961199153,10524.75002403697,10524.75002403697,False,True
ii.11.27,14,1.7870131322126193,0.44040702221262706,27.0,9078620.0,5080332.0,1.0,1.0,1.0,1.0,1.3902240015987026e-16,4.3638114472435544e-17,3.0608968354375723e-15,1.7465610001246715e-15,0.0,0.0,-9.538428568743472e-17,-1.3143358353129008e-15,32.0,28.0,15994.22590666078,19885.95059150271,12027.326476488262,12027.326476488262,False,False
ii.11.27,15,1.773470146285044,0.43613372793743477,27.0,1493480.0,842123.0,0.9999999999999999,1.0,0.999999999999991,1.0,8.011829131939552e-09,1.670735467126225e-16,9.506193051153019e-08,1.9813562985479246e-15,1.1102230246251565e-16,8.992806499463768e-15,-8.011828964866006e-09,-9.50619285301739e-08,31.0,28.0,16575.59416798642,2035.8825960168615,1699.537830303423,1699.537830303423,False,False
ii.11.27,16,1.773466978677601,0.4361327208101402,30.0,1192880.0,672626.0,1.0,1.0,1.0,1.0,2.133780694180808e-18,1.0228800689150729e-20,4.671714761370013e-16,1.1994877769294649e-17,0.0,0.0,-2.1235518934916575e-18,-4.551765983677066e-16,30.0,31.0,308.83791781868786,1364.1454164693132,1304.3191864234395,1304.3191864234395,False,False
ii.11.27,17,1.786820448616705,0.44034667793612636,30.0,5631740.0,3151822.0,1.0,1.0,1.0,1.0,3.9722479667850944e-16,9.281261200903533e-17,4.635238905878385e-15,1.3062643202826233e-15,0.0,0.0,-3.0441218466947414e-16,-3.3289745855957617e-15,31.0,31.0,15414.022253473755,9927.993172650691,6846.718093843665,6846.718093843665,False,False
ii.11.27,18,1.7760076095199795,0.43693934944891333,27.0,1934360.0,1089162.0,1.0,1.0,1.0,1.0,4.842825451189362e-17,2.1246021947661215e-17,1.2717052773185154e-14,4.189582231931054e-16,0.0,0.0,-2.7182232564232405e-17,-1.229809454999205e-14,31.0,28.0,16713.062524827197,2983.4436921905726,2146.789312325418,2146.789312325418,True,False
ii.11.27,19,1.7892066591203841,0.4410930705502608,31.0,10065590.0,5625728.0,1.0,1.0,1.0,1.0,7.743604825074268e-17,2.085982181966039e-20,6.3259846603772414e-15,1.4772967449172042e-16,0.0,0.0,-7.741518842892302e-17,-6.178254985885521e-15,32.0,32.0,15095.69739908725,21494.374277359806,12164.782699709293,12164.782699709293,False,False
ii.11.27,20,1.7822158017793903,0.4389007217860007,16.0,2680850.0,1504223.0,1.0,1.0,1.0,1.0,4.930389554125217e-16,1.1331645598183553e-18,2.1744835186346336e-15,9.117378343617725e-18,0.0,0.0,-4.919057908527033e-16,-2.1653661402910157e-15,32.0,17.0,13598.952417890076,3678.2043264540844,2800.037316464819,2800.037316464819,False,False
ii.11.27,21,1.7814652948922987,0.43866433835835317,25.0,3166820.0,1777649.0,1.0,1.0,1.0,1.0,2.7703107671283215e-17,3.024828240669901e-16,2.930325963986094e-16,2.7003376558814823e-15,0.0,0.0,2.747797163957069e-16,2.407305059482873e-15,12.0,26.0,2030.3102274108678,4353.177477535326,3231.104112050496,3231.104112050496,True,False
ii.11.27,22,1.7845490953025709,0.43963435770286297,28.0,9058580.0,5076117.0,1.0,1.0,1.0,1.0,6.032302437395349e-16,3.6914676331143607e-16,2.4369187233153864e-15,3.2662940878573833e-15,0.0,0.0,-2.340834804280988e-16,8.293753645419969e-16,32.0,29.0,17041.325112671126,16488.75156608969,12255.540304961149,12255.540304961149,False,False
ii.11.27,23,1.7769796543285676,0.43724735532897796,22.0,1829150.0,1029359.0,1.0,1.0,1.0,1.0,8.91468418091578e-19,1.2716837465129599e-17,5.818584813471062e-17,1.680273203992039e-16,0.0,0.0,1.1825369047038021e-17,1.0984147226449329e-16,27.0,23.0,10940.639099345077,1865.4184287609532,1706.0600561071187,1706.0600561071187,False,False
ii.11.27,24,1.770134191152125,0.4350710782276166,12.0,1202900.0,679553.0,1.0,1.0,1.0,1.0,7.234208395039098e-16,6.623516091598722e-16,1.7187631536764043e-16,2.3975964536253127e-16,0.0,0.0,-6.106923034403759e-17,6.788332999489084e-17,22.0,13.0,12523.536914607044,1654.0704216812737,1301.9893693658523,1301.9893693658523,False,False
ii.11.27,25,1.7702314799770362,0.43510212573274754,27.0,817130.0,461595.0,1.0,1.0,1.0,1.0,7.49496009564398e-15,1.108689694403216e-15,1.68295833166266e-14,1.2284340537251639e-15,0.0,0.0,-6.386270401240763e-15,-1.5601149262901436e-14,32.0,28.0,1187.3008758728392,975.3443001890555,796.7301242090762,796.7301242090762,False,False
ii.11.27,26,1.7832693391817211,0.4392322135371517,31.0,2710910.0,1520191.0,1.0,1.0,1.0,1.0,1.408682021301487e-19,1.1735508421887885e-17,2.2745760638768402e-16,3.639916337271083e-15,0.0,0.0,1.1594640219757736e-17,3.4124587308833992e-15,31.0,32.0,4572.168349273037,3512.633888398297,2959.710884839762,2959.710884839762,False,False
ii.11.27,27,1.7788875278746192,0.437850912814718,27.0,1132760.0,636780.0,1.0,1.0,1.0,1.0,5.967206875113001e-17,2.0224589752725163e-16,1.7419601483862067e-15,1.9289802789739126e-17,0.0,0.0,1.4257382877612162e-16,-1.7226703455964676e-15,30.0,28.0,2596.6789452903904,1576.3948404775,1127.4784646243788,1127.4784646243788,False,False
ii.11.27,28,1.771275028133872,0.435434935785466,30.0,1688870.0,953477.0,1.0,1.0,1.0,1.0,3.1348540460911004e-10,2.3184636371819884e-17,6.255948160489155e-11,6.441450195380195e-16,0.0,0.0,-3.134853814244737e-10,-6.2558837459872e-11,31.0,31.0,18729.98918382125,2921.649407867808,1773.675140781328,1773.675140781328,False,False
ii.11.27,29,1.77573676527462,0.43685346862469865,23.0,1588670.0,894654.0,1.0,1.0,1.0,1.0,2.3449540285435524e-16,2.4446881589974736e-16,2.7291941957723e-18,1.8815727073870866e-15,0.0,0.0,9.97341304539212e-18,1.8788435131913144e-15,13.0,24.0,1270.123276030179,1857.3532481393777,1461.2278532176279,1461.2278532176279,True,False
ii.11.27,30,1.778162330564211,0.4376216485911609,29.0,3808100.0,2141593.0,1.0,1.0,1.0,1.0,3.4335254063347777e-16,5.158058395503123e-17,2.2126562826125975e-14,3.1761985706016836e-15,0.0,0.0,-2.9177195667844653e-16,-1.8950364255524292e-14,32.0,30.0,17784.378786888905,6511.27005472593,4767.138449681923,4767.138449681923,False,False
iii.17.37,1,1.8162829442967225,0.44942499012057446,30.0,10982420.0,6046646.0,0.9893853082603714,0.9961218639094018,0.9875716490335384,0.9973492008537312,0.10302762609916116,0.06227468258127182,0.11148251417357588,0.051485912114565435,0.006736555649030418,0.009777551820192798,-0.04075294351788934,-0.059996602059010445,31.0,31.0,16070.205393885262,28403.205944297835,13927.790480048396,13927.790480048396,False,False
iii.17.37,2,1.8154689618860003,0.4491781346891496,31.0,11533520.0,6352915.0,0.99449526824727,0.9997673725606144,0.9964028571820845,0.9998627236427826,0.0741938794829466,0.015252129011570949,0.05997618542317837,0.011716499358483422,0.005272104313344461,0.003459866460698069,-0.058941750471375655,-0.04825968606469495,31.0,32.0,20863.65921158297,25227.745385746937,14432.913162807003,14432.913162807003,False,False
iii.17.37,3,1.8107940031125302,0.44775606817720626,31.0,13408763.0,7404908.0,0.9949766908008155,0.9997233803898755,0.9938793867066987,0.9995879080292991,0.07087530740098734,0.016631885344856497,0.07823434855165112,0.020300048539373772,0.004746689589059994,0.005708521322600357,-0.05424342205613084,-0.057934300012277354,32.0,32.0,26085.086640678346,27122.041873636656,15212.932804245036,15212.932804245036,False,False
iii.17.37,4,1.8157673309254714,0.4492686463907719,31.0,12498947.0,6883562.0,0.997719792373344,0.9993020018318441,0.9978613700470405,0.9991134807513067,0.04775151962666747,0.026419654959061508,0.04624532357935882,0.02977447310521715,0.0015822094585001834,0.0012521107042662294,-0.02133186466760596,-0.016470850474141673,32.0,32.0,25696.60314501496,26997.597895971034,15336.3851912776,15336.3851912776,False,False
iii.17.37,5,1.8139830518865843,0.4487269332753815,29.0,11835122.0,6524384.0,0.988510693168191,0.9991960689870908,0.9838663637024188,0.998693389283692,0.10718818419867474,0.028353677237869024,0.12701825182855134,0.0361470706462921,0.010685375818899834,0.014827025581273245,-0.07883450696080571,-0.09087118118225923,32.0,30.0,16390.916757167783,27376.836479638238,14956.489575555082,14956.489575555082,False,False
iii.17.37,6,1.8110407151605568,0.4478312985297266,31.0,12299549.0,6791426.0,0.9972562461889899,0.9973326204765608,0.9967492447875702,0.9968278185629473,0.052380853477297616,0.051646679694238126,0.05701539452139059,0.05632212209294583,7.63742875709017e-05,7.857377537712207e-05,-0.0007341737830594899,-0.0006932724284447606,32.0,32.0,16693.721282286104,26855.147643777076,15479.120907281991,15479.120907281991,False,False
iii.17.37,7,1.8164953620236808,0.44948937337998907,31.0,12280010.0,6760276.0,0.9903345786315171,0.9971393696903014,0.9907737255282963,0.9974418186139952,0.09831287488667464,0.05348486056538438,0.09605349796703723,0.05057846761226401,0.0068047910587842875,0.006668093085698823,-0.044828014321290265,-0.04547503035477322,31.0,32.0,16025.583668532781,26925.466306983493,15406.981174245477,15406.981174245477,False,False
iii.17.37,8,1.8169173821198086,0.4496172419060167,31.0,11718890.0,6449875.0,0.9975587309547335,0.9994334447745477,0.9974342782959592,0.9993427687142727,0.049409200006340366,0.023802420579688642,0.05065295355693265,0.025636522496768118,0.0018747138198141888,0.0019084904183135354,-0.025606779426651724,-0.025016431060164535,31.0,32.0,16596.39982795017,26262.33889417816,16070.169819887727,16070.169819887727,False,False
iii.17.37,9,1.814676218356407,0.4489375074823416,31.0,10691840.0,5891872.0,0.9818669707691546,0.9973722997920609,0.9842860873647881,0.9970517009688729,0.13465893669135148,0.051261098387950475,0.12535514602604844,0.0542982415104495,0.015505329022906245,0.012765613604084791,-0.083397838303401,-0.07105690451559894,32.0,32.0,15825.945472032297,23675.824308646843,12214.119151561521,12214.119151561521,False,False
iii.17.37,10,1.8153996764690514,0.4491571123638196,30.0,12264980.0,6756077.0,0.9969023417698468,0.999433415228899,0.9948468271686087,0.9995579196928348,0.05565660994125622,0.023803041215379222,0.071785603232064,0.021025705866038844,0.0025310734590521244,0.004711092524226079,-0.031853568725876996,-0.05075989736602515,32.0,31.0,16700.670606886037,26547.901562910527,14360.242335743736,14360.242335743736,False,False
iii.17.37,11,1.811818755048841,0.44806841345836323,31.0,8933330.0,4930587.0,0.9988818705541573,1.0,0.9988573054956276,1.0,0.03343844263482762,1.76617521171529e-11,0.03380376464792634,1.9208654482110222e-11,0.0011181294458426638,0.0011426945043724324,-0.033438442617165866,-0.03380376462871768,31.0,32.0,14352.95480451174,18242.211588048376,10194.47719824966,10194.47719824966,False,False
iii.17.37,12,1.8093262698320944,0.44730808551583123,31.0,5321120.0,2940940.0,0.9997575072322222,1.0,0.9996889340588954,1.0,0.015572179288004896,1.438002757892432e-13,0.01763706157795564,1.4337046126518e-13,0.00024249276777776885,0.0003110659411046379,-0.015572179287861096,-0.01763706157781227,32.0,32.0,13876.411508091725,9277.296532785986,6201.75349039305,6201.75349039305,False,False
iii.17.37,13,1.8177510903597267,0.4498696739595389,31.0,11758970.0,6468966.0,0.9907447449571241,0.9980798680347003,0.9929013025453385,0.9984758098254736,0.09620423609631701,0.043819310415611594,0.08425376819265415,0.03904087824993728,0.007335123077576222,0.005574507280135088,-0.052384925680705414,-0.04521288994271687,32.0,32.0,14199.888429222163,26517.834182601888,13739.533434363082,13739.533434363082,False,False
iii.17.37,15,1.8149903657197402,0.44903288805974084,31.0,13271990.0,7312430.0,0.9979095746711,0.9994898243362125,0.9981331956173999,0.9993564894052361,0.0457211693737155,0.022587068508054895,0.04320653171223235,0.025367510614245525,0.0015802496651124986,0.0012232937878362549,-0.023134100865660607,-0.017839021097986824,32.0,32.0,14087.509608644992,26697.113865279593,15637.68486684747,15637.68486684747,False,False
iii.17.37,16,1.8159123042786929,0.44931261402669187,31.0,12244940.0,6743134.0,0.9971933615376791,0.9972480290215374,0.9967625929558505,0.9967876280656981,0.05297771665824116,0.052459231584751284,0.05689821652872409,0.05667779048535588,5.466748385829501e-05,2.503510984763757e-05,-0.000518485073489873,-0.0002204260433682076,32.0,32.0,13582.773542232811,25353.295681516174,13911.68358427519,13911.68358427519,False,False
iii.17.37,17,1.8137436528862108,0.4486541698388856,31.0,12149750.0,6698714.0,0.993940974875365,0.9973922181917169,0.9937256168762134,0.9976858202810712,0.07783974000878355,0.05106644503275305,0.07921100380494252,0.0481059218696488,0.0034512433163518264,0.003960203404857809,-0.026773294976030496,-0.031105081935293717,32.0,32.0,13882.005052227993,26543.989944445435,15154.892554973718,15154.892554973718,False,False
iii.17.37,18,1.8138753257086142,0.4486941931307562,30.0,12420290.0,6847378.0,0.9854107155147116,0.9978525393669218,0.9844627210207182,0.9980325672580113,0.1207861104816624,0.04634070168953235,0.12464862205127596,0.04435575207330725,0.012441823852210154,0.01356984623729307,-0.07444540879213005,-0.08029286997796871,31.0,31.0,16505.02975422796,25976.64296862483,14645.344356390182,14645.344356390182,False,False
iii.17.37,19,1.818772699185074,0.45017868343412915,30.0,10331120.0,5680270.0,0.9995633008407913,0.9957501060955626,0.9996389525012921,0.9964534981853903,0.020897348138190476,0.06519121033112844,0.01900124992488426,0.05955251308391321,-0.0038131947452286763,-0.003185454315901781,0.04429386219293797,0.04055126315902895,31.0,31.0,16822.27251933189,22899.82228297135,13439.882878451608,13439.882878451608,False,False
iii.17.37,20,1.8151360107222263,0.44907709720214906,31.0,11804060.0,6503127.0,0.9739243363046677,0.9995148369150104,0.9765064495069171,0.9995728923214776,0.1614796076764255,0.022026417888290663,0.15327605975194847,0.020666583619998784,0.025590500610342737,0.023066442814560495,-0.13945318978813484,-0.13260947613194968,31.0,32.0,20355.457063334063,24508.86524298694,13770.726950067095,13770.726950067095,False,False
iii.17.37,21,1.8134526625265817,0.4485656997482602,30.0,12004460.0,6619671.0,0.973183537573122,0.9994040084985557,0.9616836559105347,0.999150600795507,0.16375732785703948,0.024412937173645087,0.1957456106518489,0.02914445409495576,0.02622047092543367,0.037466944884972264,-0.13934439068339438,-0.16660115655689314,32.0,31.0,13637.187713595107,27611.290997161996,14720.687525729183,14720.687525729183,False,False
iii.17.37,22,1.8155664452159155,0.44920771000420456,31.0,12448346.0,6856453.0,0.9923897895524139,0.9998035764030415,0.9919964890692908,0.9998438368139717,0.08723652014830818,0.014015120297680005,0.08946234364641457,0.012496526958652771,0.007413786850627657,0.007847347744680877,-0.07322139985062817,-0.0769658166877618,32.0,32.0,14018.190698529594,27048.188029921148,15284.649178211112,15284.649178211112,False,False
iii.17.37,23,1.8148594284375523,0.44899313724759427,30.0,12208367.0,6726894.0,0.9985948980571844,0.9984827058068981,0.9986742242680077,0.998823988806023,0.03748468944536708,0.0389524606809618,0.03641120338566633,0.03429301961007525,-0.00011219225028624713,0.00014976453801529566,0.001467771235594724,-0.00211818377559108,32.0,31.0,13766.749526262283,27549.863288334105,14784.718915924896,14784.718915924896,False,False
iii.17.37,24,1.8137547490979211,0.44865754286936843,31.0,12442334.0,6859987.0,0.9961698084679322,0.9983294255548216,0.9976211379557431,0.998701042368762,0.06188854120164513,0.040872661342006136,0.048773579366874965,0.03604105480196158,0.002159617086889387,0.0010799044130188618,-0.021015879859638993,-0.012732524564913382,32.0,32.0,13749.612037343904,26960.940388649236,15374.497269468382,15374.497269468382,False,False
iii.17.37,25,1.8140694143767666,0.4487531777588811,30.0,12447845.0,6861835.0,0.9913253723271758,0.9998777685119191,0.9925842525752552,0.9998745648438534,0.09313768127253447,0.011055835024136476,0.08611473407463308,0.011199783754458879,0.00855239618474335,0.00729031226859822,-0.082081846248398,-0.0749149503201742,32.0,31.0,14124.821308893152,27002.167211620603,15330.750333935022,15330.750333935022,False,False
iii.17.37,26,1.795260231406394,0.44297769064008774,30.0,1157810.0,644926.0,0.9991247619494417,1.0,0.9988977993495985,1.0,0.029584422430704613,1.294456498248054e-12,0.03319940738027511,1.2782655904317895e-12,0.0008752380505583357,0.0011022006504014525,-0.029584422429410156,-0.03319940737899685,32.0,31.0,13233.699333676137,1418.1954749152064,1039.9982423158363,1039.9982423158363,False,False
iii.17.37,28,1.8185648101494167,0.4501158306709794,31.0,12379709.0,6807406.0,0.9974967301455333,0.9968309976375775,0.996343471078066,0.9940454185543398,0.05003268785970494,0.05629389276309173,0.060469239468790806,0.07716593448964527,-0.000665732507955763,-0.0022980525237261684,0.006261204903386788,0.01669669502085447,32.0,32.0,14067.558325701859,27845.571528787725,14490.308849707246,14490.308849707246,False,False
iii.17.37,29,1.8122247210226776,0.4481920545506749,30.0,12207365.0,6736121.0,0.9923203643092934,0.9966501742977818,0.9915362892107921,0.9960496201141779,0.08763353063015693,0.05787767879086199,0.09199842818878967,0.06285204758655166,0.00432980998848842,0.004513330903385793,-0.02975585183929494,-0.02914638060223801,32.0,31.0,14309.39924154291,27714.492086607963,14620.463783358224,14620.463783358224,False,False
iii.17.37,30,1.8173092712001901,0.4497359278095916,30.0,11864180.0,6528432.0,0.9969860178602161,0.9962076501370954,0.9964017977397062,0.9950935733295981,0.05489974626338335,0.06158205796256349,0.05998501696502118,0.07004588974666413,-0.0007783677231206765,-0.0013082244101080276,0.006682311699180141,0.01006087278164295,31.0,31.0,14330.394973614253,20500.217430747813,12141.687497721054,12141.687497721054,False,False
keijzer_6,1,1.8237498020272411,0.4516791728292875,28.0,736970.0,404096.0,1.0,1.0,0.9999999999999999,0.9999999999999999,5.496807370667862e-09,6.3642381150881166e-09,1.2188984340882926e-08,8.330302444899922e-09,0.0,0.0,8.674307444202544e-10,-3.858681895983004e-09,30.0,29.0,603.2606816980988,392.7339871870354,609.0978775238618,609.0978775238618,False,False
keijzer_6,2,1.8436381081165814,0.4575942015965502,30.0,3116720.0,1690527.0,1.0,1.0,0.9999999999999969,0.9999999999999999,6.10444269973695e-09,4.948973078555069e-09,5.58817589821016e-08,1.0168044139908496e-08,0.0,2.9976021664879227e-15,-1.1554696211818814e-09,-4.5713714842193103e-08,32.0,31.0,1782.3740571509115,1842.5812693615444,2583.22596712457,2583.22596712457,False,False
keijzer_6,3,1.833977908902461,0.4547371616932686,31.0,1152800.0,628579.0,1.0,1.0,0.9999999999999999,0.9999999999999989,3.1157840831484096e-09,5.82830267923827e-09,7.67257641770097e-09,3.3948518448575083e-08,0.0,-9.992007221626409e-16,2.7125185960898606e-09,2.6275942030874114e-08,29.0,32.0,1660.4486280609854,810.9019547640346,1247.4082019911148,1247.4082019911148,False,False
keijzer_6,4,1.8400821370128781,0.4565459987436412,30.0,1623740.0,882428.0,0.9999999999999999,0.9999999999999999,0.9999999999999978,0.9999999999999992,7.692153445212539e-09,9.246980408622761e-09,4.691271422539759e-08,2.8023837368143148e-08,0.0,1.4432899320127035e-15,1.5548269634102223e-09,-1.8888876857254443e-08,26.0,31.0,301.2886252212338,964.3961065975018,1455.3046172605827,1455.3046172605827,False,False
keijzer_6,5,1.8332086086076895,0.45450834383791505,28.0,1197890.0,653439.0,1.0,1.0,0.9999999999999972,0.9999999999999999,4.478873006524476e-09,3.1062373642887983e-09,5.2641080673756284e-08,7.652172264443403e-09,0.0,2.6645352591003757e-15,-1.372635642235678e-09,-4.498890840931288e-08,30.0,29.0,831.2749966229312,689.3826002562419,1011.2380456128158,1011.2380456128158,False,False
keijzer_6,6,1.8343395308207944,0.45484465487556736,31.0,2555600.0,1393199.0,0.9999999999999999,1.0,1.0,0.9999999999999999,9.156631079920332e-09,6.5685372101640096e-09,7.365957884002029e-09,8.665546111318581e-09,1.1102230246251565e-16,-1.1102230246251565e-16,-2.588093869756322e-09,1.2995882273165515e-09,32.0,32.0,244.14019664609805,2122.845442635007,3258.681190184783,3258.681190184783,False,False
keijzer_6,7,1.8356831005057561,0.45524366393933346,27.0,2505500.0,1364887.0,1.0,1.0,0.9999999999999997,1.0,8.141663188432825e-10,2.1799440611281095e-09,1.8241709754171966e-08,1.7538385809917175e-09,0.0,3.3306690738754696e-16,1.365777742284827e-09,-1.6487871173180247e-08,32.0,28.0,417.2453115270473,1479.3176507744938,2022.2459914744832,2022.2459914744832,False,False
keijzer_6,8,1.839598531666744,0.4564031321040667,30.0,3602690.0,1958411.0,1.0,1.0,0.9999999999999997,0.9999999999999999,4.299022083655251e-09,7.209857600314424e-09,1.9421588054519743e-08,1.2056039999543335e-08,0.0,2.220446049250313e-16,2.9108355166591736e-09,-7.365548054976408e-09,31.0,31.0,2252.7474313070998,2166.999901365023,3472.8210381269455,3472.8210381269455,False,False
keijzer_6,9,1.8358402815603134,0.45529030491144784,27.0,1533560.0,835345.0,1.0,0.9999999999999999,0.9999999999999999,0.9999999999999979,3.1157858914846553e-09,7.576333053040669e-09,7.674835541449221e-09,4.6241699143735156e-08,-1.1102230246251565e-16,-1.9984014443252818e-15,4.460547161556013e-09,3.856686360228594e-08,23.0,28.0,775.2940219091251,1025.8435348994099,1382.6780368154868,1382.6780368154868,False,False
keijzer_6,10,1.8398118809958077,0.4564661689983517,31.0,2936360.0,1596011.0,0.9999999999999998,1.0,0.9999999999999881,0.9999999999999998,1.4168456148114492e-08,6.3924227332536625e-09,1.0887526156273928e-07,1.608693433506457e-08,2.220446049250313e-16,1.1657341758564144e-14,-7.77603341486083e-09,-9.27883272276747e-08,31.0,32.0,3074.927336823661,1926.0452647409402,2685.2333611659706,2685.2333611659706,False,False
keijzer_6,11,1.83399112645074,0.45474109139488283,30.0,2410310.0,1314243.0,0.9999999999999997,0.9999999999999999,0.999999999999933,1.0,1.9425221968561692e-08,8.929244623182639e-09,2.588357574072593e-07,5.902236345163673e-09,2.220446049250313e-16,6.694644838489694e-14,-1.0495977345379053e-08,-2.529335210620956e-07,32.0,31.0,2930.471183320973,1371.6788523318246,2017.199803928379,2017.199803928379,False,False
keijzer_6,12,1.841362425153204,0.4569238590187922,29.0,2911310.0,1581063.0,0.9999999999999999,1.0,0.9999999999999972,1.0,8.435911926897351e-09,6.5278688361686445e-09,5.312384111523559e-08,4.692311321089273e-09,1.1102230246251565e-16,2.7755575615628914e-15,-1.9080430907287067e-09,-4.843152979414631e-08,30.0,30.0,189.71954271686263,1800.46458842,2505.0719271837734,2505.0719271837734,False,False
keijzer_6,13,1.816487931652527,0.4494871215080066,30.0,486470.0,267808.0,0.9999999999999999,1.0,0.9999999999999895,0.9999999999999998,8.886377302544094e-09,5.46955798328933e-10,1.024449354007357e-07,1.606855996509114e-08,1.1102230246251565e-16,1.0325074129013956e-14,-8.33942150421516e-09,-8.637637543564456e-08,32.0,31.0,426.33681926713325,224.8398337541148,399.6123410705477,399.6123410705477,False,False
keijzer_6,14,1.840802448397946,0.4567586538847218,29.0,1994480.0,1083484.0,0.9999999999999989,1.0,0.9999999999998873,1.0,3.347583885741408e-08,2.3494005673577e-09,3.356289425512569e-07,4.388711804634978e-09,1.1102230246251565e-15,1.1268763699945339e-13,-3.112643829005638e-08,-3.3124023074662194e-07,31.0,30.0,2472.372314940905,1343.3130977307446,1883.9425043202937,1883.9425043202937,False,False
keijzer_6,15,1.8341641151042047,0.4547925173297882,27.0,526550.0,287079.0,1.0,1.0,0.9999999999999994,0.9999999999999999,5.963631636442374e-09,2.6481218629273704e-09,2.2632533697181634e-08,9.042468862613398e-09,0.0,4.440892098500626e-16,-3.3155097735150034e-09,-1.3590064834568236e-08,32.0,28.0,316.2544370852411,267.8890248434618,491.9220317886211,491.9220317886211,False,False
keijzer_6,16,1.8306483984281459,0.45374545933635735,30.0,1062620.0,580461.0,0.9999999999999999,1.0,0.9999999999999986,0.9999999999999996,1.125136395059729e-08,5.9687237759125725e-09,3.7978107578231265e-08,2.1312316136699677e-08,1.1102230246251565e-16,9.992007221626409e-16,-5.282640174684717e-09,-1.666579144153159e-08,32.0,31.0,1032.7850962060038,512.3978910990991,813.6071281456389,813.6071281456389,False,False
keijzer_6,17,1.8297661502311202,0.453482074813938,30.0,616730.0,337054.0,1.0,0.9999999999999999,0.9999999999999984,0.9999999999999998,4.293317249082904e-09,1.0286288615538164e-08,3.922528763501777e-08,1.5699592361985357e-08,-1.1102230246251565e-16,1.3322676295501878e-15,5.99297136645526e-09,-2.3525695273032415e-08,31.0,31.0,1994.5695360871032,303.88699994888157,424.62005117023364,424.62005117023364,False,False
keijzer_6,18,1.8364709153838261,0.45547735516900467,25.0,2720930.0,1481608.0,1.0,1.0,0.9999999999999997,1.0,7.177759782462793e-09,1.6932208230037747e-10,1.7276339200694214e-08,5.486799511975217e-10,0.0,3.3306690738754696e-16,-7.008437700162415e-09,-1.672765924949669e-08,32.0,26.0,1299.1662399210036,2214.252768045757,3213.1446589333937,3213.1446589333937,False,False
keijzer_6,19,1.830153976926657,0.45359788705905446,29.0,1222940.0,668217.0,0.9999999999999999,0.9999999999999999,0.9999999999999978,0.9999999999999996,1.1591136480773738e-08,8.636947924861922e-09,4.722411811356591e-08,2.0414826164563267e-08,0.0,1.7763568394002505e-15,-2.954188555911816e-09,-2.680929194900264e-08,31.0,30.0,1931.95137772616,527.8395558684133,865.3504093685187,865.3504093685187,False,False
keijzer_6,20,1.8305186560541729,0.45370674224343677,28.0,1072640.0,585976.0,0.9999999999999999,1.0,0.9999999999999983,1.0,7.455028794169694e-09,3.1203532100382425e-09,4.014530642987597e-08,7.399392904190733e-09,1.1102230246251565e-16,1.6653345369377348e-15,-4.334675584131451e-09,-3.274591352568523e-08,32.0,29.0,1359.9177107489668,512.1633498943411,808.6295375078917,808.6295375078917,False,False
keijzer_6,21,1.8343763682632068,0.4548556025354802,31.0,2786060.0,1518805.0,1.0,1.0,0.9999999999999998,0.9999999999999993,5.502795051984485e-10,3.5671764360902356e-09,1.6151319453343507e-08,2.472914477233575e-08,0.0,-4.440892098500626e-16,3.016896930891787e-09,8.577825318992244e-09,26.0,32.0,416.4761926252395,1576.2272118683904,2585.6737501565367,2585.6737501565367,False,False
keijzer_6,22,1.829393187094837,0.45337065478632976,27.0,341180.0,186499.0,0.9999999999999998,0.9999999999999999,0.9999999999998905,0.9999999999999999,1.5468537486934322e-08,1.1663984023344279e-08,3.3087585022782983e-07,1.1959133030885277e-08,1.1102230246251565e-16,1.0935696792557792e-13,-3.804553463590044e-09,-3.1891671719694453e-07,30.0,28.0,2722.7617779369466,167.06483286665753,245.58155513508245,245.58155513508245,False,False
keijzer_6,23,1.8197360799994418,0.45046976262606897,29.0,521540.0,286602.0,1.0,0.9999999999999999,0.9999999999999979,0.9999999999999998,7.2619404610948635e-09,8.764849035853964e-09,4.617883070352106e-08,1.4484649110783228e-08,-1.1102230246251565e-16,1.887379141862766e-15,1.5029085747591007e-09,-3.169418159273783e-08,32.0,30.0,1139.643135187216,231.03186629293486,453.09573453012854,453.09573453012854,False,False
keijzer_6,24,1.8461215440566037,0.4583238556424435,30.0,7640750.0,4138812.0,0.9999999999999962,1.0,0.9999999999989257,1.0,6.099726847108651e-08,2.4059207158498618e-09,1.036483692475124e-06,4.490113483327997e-09,3.774758283725532e-15,1.0742517986273015e-12,-5.859134775523665e-08,-1.031993578991796e-06,32.0,31.0,2457.609310521977,5622.060923087411,7002.708010395523,7002.708010395523,False,False
keijzer_6,25,1.8373435719137472,0.45573597922221143,30.0,3191870.0,1737220.0,1.0,1.0,0.9999999999999999,1.0,2.3501205904419317e-09,5.42206425797814e-09,1.2482942029108002e-08,3.2424930287506745e-09,0.0,1.1102230246251565e-16,3.0719436675362083e-09,-9.240449000357328e-09,30.0,31.0,856.2527038059197,1673.905655298382,2798.6974324793555,2798.6974324793555,False,False
keijzer_6,26,1.8233443251183157,0.451557236763215,30.0,917330.0,503103.0,1.0,1.0,0.9999999999999953,0.9999999999999998,6.336554625814694e-09,6.882763261707922e-09,6.809581751725596e-08,1.6252260739756922e-08,0.0,4.440892098500626e-15,5.462086358932278e-10,-5.1843556777499035e-08,30.0,31.0,848.3696285630576,456.51949455821887,634.0739631908946,634.0739631908946,False,False
keijzer_6,27,1.8318146775526885,0.45409324848515575,31.0,2761010.0,1507254.0,0.9999999999999999,0.9999999999999999,0.9999999999999998,0.9999999999999917,8.766550664781526e-09,1.2131514551451122e-08,1.4293048597185817e-08,9.152943068224581e-08,0.0,-8.104628079763643e-15,3.3649638866695964e-09,7.723638208505999e-08,32.0,32.0,1390.6691590626724,1585.8587606069632,2376.2855745851994,2376.2855745851994,False,False
keijzer_6,28,1.8344152348964389,0.45486715277064593,30.0,1363220.0,743136.0,0.9999999999999993,0.9999999999999999,0.9999999999999645,0.9999999999999998,2.5235747482377806e-08,1.1325471888369973e-08,1.8841267372468755e-07,1.4983087364011447e-08,5.551115123125783e-16,3.530509218307998e-14,-1.3910275594007833e-08,-1.734295863606761e-07,32.0,31.0,2519.9820708129555,686.1889757402241,1080.2847059937194,1080.2847059937194,False,False
keijzer_6,29,1.836226046535537,0.4554047406708285,30.0,2500490.0,1361755.0,0.9999999999999999,1.0,0.9999999999999876,0.9999999999999989,9.89073097683977e-09,3.4654300075682e-09,1.1130511526677601e-07,3.2978550913660886e-08,1.1102230246251565e-16,1.1324274851176597e-14,-6.425300969271569e-09,-7.832656435311514e-08,29.0,31.0,1326.276161622256,1128.4686650549993,1787.8140026167966,1787.8140026167966,False,False
keijzer_6,30,1.8406408627454107,0.4567109639691208,30.0,3231950.0,1755883.0,0.9999999999999999,0.9999999999999999,0.9999999999996788,0.9999999999999762,9.792840991550629e-09,1.0888085518859952e-08,5.666931965665244e-07,1.5428240386094688e-07,0.0,2.9742874829707944e-13,1.0952445273093227e-09,-4.1241079270557753e-07,31.0,31.0,1116.0186826982535,1907.557097562123,2998.5128467497416,2998.5128467497416,False,False
korns_12,1,1.820891809709298,0.45081855238854185,31.0,11690333.0,6420114.0,0.01938667724993748,0.018444760297605778,-0.01656176079710847,-0.015089263057398217,0.9902592199773058,0.9907346969307141,1.0082468749255356,1.0075163835181036,-0.0009419169523317006,0.0014724977397102545,0.00047547695340832696,-0.0007304914074319768,31.0,32.0,32406.10685539292,27319.84887938481,15015.577784078196,15015.577784078196,False,False
korns_12,3,1.818260882799947,0.45002391600698344,31.0,9198860.0,5059153.0,0.018648416185169103,0.020400060122033548,-0.021953738560564595,-0.021985583547571963,0.9906319113650794,0.9897474121602775,1.0109172758245675,1.0109330262423777,0.0017516439368644443,-3.184498700736782e-05,-0.0008844992048019362,1.5750417810211914e-05,32.0,32.0,25862.219057759736,29279.994807373732,13056.729003888555,13056.729003888555,False,False
korns_12,5,1.8223601339752855,0.45126104255880206,31.0,9571604.0,5252312.0,0.025039685489450236,0.0223111920971667,-0.036035256669490145,-0.01978906009054504,0.9874007871733492,0.9887814763145764,1.0178581711955208,1.009846057619945,-0.0027284933922835375,0.016246196578945105,0.0013806891412271316,-0.008012113575575741,31.0,32.0,33891.232765128836,29523.058485238813,12814.108360359445,12814.108360359445,False,False
korns_12,7,1.820810975503724,0.450794171688606,31.0,9842645.0,5405638.0,0.022201776842827536,0.016919498841402425,-0.03278755668420463,-0.025654298072240733,0.9888368030960277,0.9915041609386204,1.0162615591884823,1.0127459198003421,-0.005282278001425111,0.0071332586119639,0.0026673578425926436,-0.003515639388140146,31.0,32.0,32892.54685884202,30159.1855770899,12174.749414024409,12174.749414024409,False,False
korns_12,8,1.8231243595798619,0.45149106546387796,31.0,12178808.0,6680185.0,0.023548191860823353,0.021067733532068367,-0.14505310840176477,-0.029874018163705607,0.9881557610716928,0.9894100598174305,1.0700715435903176,1.0148270878153114,-0.0024804583287549864,0.11517909023805917,0.0012542987457376809,-0.05524445577500625,32.0,32.0,25684.800222624093,28379.19755258225,13953.392252699006,13953.392252699006,False,False
korns_12,9,1.8213252420043786,0.45094924457342145,30.0,12295040.0,6750601.0,0.021120763606076842,0.01976827004481585,-0.0033367221579199136,-0.05561378649468529,0.989383260619424,0.9900665280450522,1.0016669716816664,1.0274306723544346,-0.0013524935612609923,-0.05227706433676538,0.0006832674256281868,0.02576370067276823,31.0,31.0,34921.113850960974,28433.785964313895,13899.94077931717,13899.94077931717,False,False
korns_12,10,1.8272952197032333,0.4527430547525825,31.0,11242940.0,6152777.0,0.025685676110960287,0.02492678833892481,-0.03054860875587173,-0.03110474630790727,0.9870736162460426,0.9874579543763244,1.0151594006636946,1.0154332800868342,-0.000758887772035477,-0.0005561375520355405,0.00038433813028182495,0.00027387942313961133,31.0,32.0,27293.47126742918,28099.323283159174,14236.863891930785,14236.863891930785,False,False
korns_12,11,1.820673657364475,0.4507527497005944,31.0,11562077.0,6350439.0,0.02119227167776594,0.020556543578014397,-0.028036526101976378,-0.04124374115464491,0.989347122259035,0.9896683567852341,1.0139213609062472,1.020413514784396,-0.0006357280997515424,-0.01320721505266853,0.0003212345261991434,0.006492153878148832,31.0,32.0,36685.700872515794,28437.24057666771,13900.455531643238,13900.455531643238,False,False
korns_12,12,1.8243563610467486,0.4518614776412232,30.0,8838140.0,4844525.0,0.022080131988586715,0.027390143027040792,-0.018512888557005835,-0.04038410266039705,0.9888983102480323,0.9862098442892158,1.0092139954226784,1.0199922071567005,0.005310011038454077,-0.021871214103391212,-0.002688465958816555,0.010778211734022047,31.0,31.0,34159.99636048172,28793.776389375795,13537.362590578385,13537.362590578385,False,False
korns_12,14,1.8186197851951256,0.45013245311597283,30.0,12294539.0,6760368.0,0.02344220062737634,0.022483039509635927,-0.0012817842487029552,-0.01500355837627132,0.988209390449526,0.9886945739157084,1.0006406868845095,1.007473849971438,-0.0009591611177404147,-0.013721774127568365,0.0004851834661823151,0.006833163086928495,32.0,31.0,28501.44799956493,27993.632451661397,14340.033951188438,14340.033951188438,False,False
korns_12,15,1.8234152992673391,0.4515785842085416,31.0,10594145.0,5810056.0,0.024411084510369996,0.020300503398509973,-0.014095867987987676,-0.018530664878430247,0.9877190468395504,0.9897977048879685,1.007023270827436,1.0092228023971863,-0.004110581111860023,-0.004434796890442572,0.002078658048418114,0.0021995315697502793,32.0,32.0,28481.290668345056,29311.836224225815,13021.440543145873,13021.440543145873,False,False
korns_12,16,1.8250090759726167,0.45205751951284845,30.0,11532017.0,6318882.0,0.02603438415971948,0.022809215222137413,-0.015356611309429224,-0.02605094395142782,0.9868969631325656,0.9885296074361468,1.007649051659073,1.0129417278162787,-0.003225168937582068,-0.010694332641998594,0.0016326443035812321,0.0052926761572056336,32.0,31.0,35242.45696235215,28482.904252255335,13850.28547316743,13850.28547316743,False,False
korns_12,17,1.8221650761789148,0.451202301551623,31.0,8750966.0,4802510.0,0.021998146692662757,0.020326060786439948,-0.02088445520123905,-0.02322061655253216,0.988939762223836,0.9897847943939935,1.0103882695287187,1.0115436800022686,-0.0016720859062228088,-0.002336161351293109,0.0008450321701575225,0.0011554104735498338,31.0,32.0,28548.093903606292,30404.359906382393,11929.05986672733,11929.05986672733,False,False
korns_12,18,1.818142322937278,0.44998805242899687,30.0,10604666.0,5832693.0,0.025914243726234742,0.022004118429148734,-0.024158419341017368,-0.021333672359969302,0.9869578290250123,0.9889367429572284,1.0120071241552688,1.0106105443542381,-0.003910125297086009,0.002824746981048065,0.001978913932216164,-0.0013965798010306951,31.0,31.0,42332.13146947697,27985.70463685319,14347.666443742812,14347.666443742812,False,False
korns_12,21,1.8245236443216968,0.4519117342698127,30.0,12098648.0,6631127.0,0.018941099078750634,0.017728367819857205,-0.05339694440626652,-0.032961740930596006,0.9904841749978893,0.9910961770585853,1.0263512772955792,1.0163472541068805,-0.0012127312588934291,0.020435203475670516,0.0006120020606960042,-0.01000402318869864,32.0,31.0,27294.94585694885,28768.151276696008,13567.244246928953,13567.244246928953,False,False
korns_12,25,1.8205954143954302,0.4507291449308233,30.0,11022500.0,6054338.0,0.02889816877667395,0.023271877342213698,-0.03159443100063242,-0.012369689164103193,0.9854449914750827,0.9882955644228026,1.0156743725233164,1.0061658358163943,-0.005626291434460251,0.019224741836529224,0.0028505729477199537,-0.009508536706922088,32.0,31.0,29217.126196176745,28660.83821080625,13675.536249879748,13675.536249879748,False,False
korns_12,27,1.816976286014815,0.44963508456496915,30.0,10447352.0,5749856.0,0.021890341771468536,0.017560751035579636,-0.023823981872916677,-0.042568678095678436,0.9889942660240916,0.9911807347625459,1.0118418759237617,1.0210625240873736,-0.0043295907358889,-0.01874469622276176,0.0021864687384542947,0.0092206481636119,31.0,31.0,37749.4338542209,29338.68281222973,12995.75880662119,12995.75880662119,False,False
korns_12,28,1.8219596680396488,0.45114042997671977,31.0,9629219.0,5285089.0,0.023447124829593435,0.025332545682559715,-0.01941454975800383,-0.031270599472903005,0.9882068989692425,0.9872524774936958,1.0096606111748658,1.015514943008178,0.0018854208529662797,-0.011856049714899175,-0.0009544214755466962,0.005854331833312187,31.0,32.0,38828.21568812709,29937.904305262957,12390.113417837303,12390.113417837303,False,False
korns_12,30,1.8164461080679126,0.4494744459753538,31.0,9707375.0,5344158.0,0.022774178289845404,0.023730121150689842,-0.023674766276088555,,0.9885473290187751,0.9880637018175044,1.0117681385950483,,0.0009559428608444387,,-0.0004836272012707088,,32.0,32.0,36632.87335890718,29041.385783157777,13295.234256424475,13295.234256424475,False,False
pagie_1,1,1.832630944093043,0.4543363991406937,31.0,9845150.0,5372140.0,0.9978778608788674,0.9953811424620423,0.9262220325228854,-461.3162270031669,0.04606668124721518,0.06796217726027977,0.27162099969831976,21.501540107703143,-0.0024967184168250833,-462.2424490356898,0.02189549601306459,21.22991910800482,32.0,32.0,9716.349655250087,21095.527424932923,12818.60736579122,12818.60736579122,False,False
pagie_1,2,1.8317681785746902,0.45407939077852855,30.0,11834120.0,6460490.0,0.9929972875271336,0.9966141009497881,0.6890477936367372,0.7858115880953379,0.08368221120923124,0.05818847867243109,0.5576308872034106,0.4628049393693439,0.003616813422654519,0.09676379445860073,-0.025493732536800144,-0.09482594783406667,31.0,31.0,12603.828781159129,19534.195185545366,12818.73051179247,12818.73051179247,False,False
pagie_1,3,1.8334580021649531,0.4545825435765658,31.0,11939330.0,6511919.0,0.9852200451538723,0.9938522802013107,0.6658509622354942,0.6899374224536392,0.12157283761649913,0.07840739632642653,0.5780562583040735,0.5568326297428706,0.008632235047438375,0.02408646021814498,-0.043165441290072604,-0.021223628561202856,31.0,32.0,9833.133808368817,20540.642755055334,13210.187935134396,13210.187935134396,False,False
pagie_1,4,1.8352777072125883,0.45512333306832586,30.0,11949350.0,6510922.0,0.9916021604963041,0.9935279239514002,0.6830111972315338,0.6570417637552255,0.09163972666750994,0.0804492140956004,0.5630175865534452,0.5856263623205282,0.0019257634550960967,-0.025969433476308312,-0.011190512571909547,0.022608775767082978,31.0,31.0,10117.488068210892,23359.1192048043,14988.058221459389,14988.058221459389,False,False
pagie_1,5,1.8332873502799043,0.45453177329384775,29.0,10937330.0,5965966.0,0.997816480120403,0.9980354860931698,0.9609573170835667,0.9600174087870822,0.04672814868574396,0.04432283730572921,0.1975922137039648,0.19995647329585958,0.0002190059727668059,-0.0009399082964844929,-0.002405311380014749,0.0023642595918947906,32.0,30.0,9491.914668423124,19523.972710692324,12034.714755408466,12034.714755408466,False,False
pagie_1,6,1.834889341721399,0.45500800660717156,31.0,10897250.0,5938914.0,0.9882343860074266,0.998094874787497,0.9262021312911926,0.9831337224184957,0.10846941500982345,0.04364774006180517,0.2716576314201525,0.12987023362381506,0.009860488780070398,0.05693159112730317,-0.06482167494801827,-0.14178739779633742,31.0,32.0,10121.41006692918,20101.481831700075,13251.05318387784,13251.05318387784,False,False
pagie_1,7,1.8315424897544326,0.45401212060656215,30.0,12410270.0,6775857.0,0.9933463020290574,0.9947883003318989,0.8819074490575031,0.9390455873810342,0.08157020271485559,0.0721921025327635,0.3436459674468725,0.2468894745001614,0.0014419983028415295,0.057138138323531096,-0.009378100182092092,-0.09675649294671107,31.0,31.0,14634.684265953023,25369.896544960327,14977.26442305278,14977.26442305278,False,False
pagie_1,8,1.8304882617682814,0.4536976713338856,30.0,9898757.0,5407714.0,0.9943653305521485,0.9918210270400778,0.9338062118651145,0.40957788449200394,0.07506443530628552,0.09043767444998901,0.2572815347724853,0.7683892994491764,-0.002544303512070689,-0.5242283273731105,0.01537323914370349,0.5111077646766912,32.0,31.0,10209.252301278058,26947.65054156538,15388.0957836546,15388.0957836546,False,False
pagie_1,9,1.833631268055521,0.454634081878167,23.0,10972400.0,5983973.0,0.9860654090373225,0.9924561154003626,0.9610578192873993,0.7065927443745647,0.11804486843009075,0.08685553868140733,0.19733773261239393,0.5416708000487338,0.006390706363040066,-0.25446507491283465,-0.031189329748683423,0.34433306743633985,31.0,24.0,9841.41704787407,20719.37893954385,12840.719457491301,12840.719457491301,False,False
pagie_1,10,1.8342534727942585,0.4548190777163291,30.0,12024500.0,6555528.0,0.9949130322305169,0.9979117640949862,0.703211422999751,0.9144627943813325,0.07132298205685994,0.045697219882766274,0.5447830549863396,0.2924674436901781,0.002998731864469306,0.21125137138158145,-0.025625762174093666,-0.25231561129616153,31.0,31.0,9950.894177921116,22201.8903270429,14324.49884355301,14324.49884355301,False,False
pagie_1,11,1.8324909620235843,0.4542947164684953,30.0,12079610.0,6591907.0,0.9954046270862965,0.9955884737577356,0.31099355953224483,0.04922814955890642,0.06778917991614526,0.06641932130234651,0.8300641182871087,0.9750753050103842,0.00018384667143911404,-0.2617654099733384,-0.0013698586137987495,0.1450111867232755,32.0,31.0,10834.702324534766,22625.554658083245,14151.30913343979,14151.30913343979,False,False
pagie_1,12,1.8334982553410544,0.4545945178366221,31.0,11408270.0,6222133.0,0.9883489188538168,0.9950216220421427,0.6764223161614062,0.681490255324966,0.10794017392140504,0.070557621543369,0.5688388909336227,0.5643666757304456,0.0066727031883259125,0.005067939163559743,-0.03738255237803603,-0.004472215203177088,32.0,32.0,10046.071560808923,20970.035193541553,12953.95684942836,12953.95684942836,False,False
pagie_1,13,1.831953515456446,0.45413462101365487,30.0,10932320.0,5967575.0,0.996368641259403,0.9948740160170332,0.9553945679395424,0.29606649065462887,0.06026075622324152,0.07159597742168798,0.21119998120373426,0.839007454880689,-0.0014946252423698736,-0.6593280772849135,0.01133522119844646,0.6278074736769547,31.0,31.0,12685.429039592855,19509.03393300576,11737.892376286443,11737.892376286443,False,False
pagie_1,14,1.8329934311735956,0.45444430787744927,30.0,10902260.0,5947790.0,0.9794303704185323,0.9923604086641559,-0.9166162420654886,0.8839434121175652,0.14342116155389234,0.08740475579649062,1.384419099140679,0.340670791061451,0.012930038245623554,1.8005596541830537,-0.056016405757401716,-1.043748308079228,32.0,31.0,12734.53827039618,19361.69055383699,12020.991881730966,12020.991881730966,False,False
pagie_1,15,1.8339197557423184,0.45471987153809323,30.0,11508470.0,6275340.0,0.9946540654060083,0.9913757412326054,0.965885352447621,0.9924057859492357,0.07311589836685099,0.09286688735709102,0.1847015093397426,0.08714478785770467,-0.0032783241734029023,0.026520433501614704,0.019750988990240026,-0.09755672148203794,32.0,31.0,11495.211440882646,19989.86355152633,13196.077842629515,13196.077842629515,False,False
pagie_1,16,1.8351304404355795,0.455079607440524,30.0,12194840.0,6645217.0,0.9958199423046578,0.9970601326482653,0.9579279255945846,0.41911985572294597,0.06465336569229994,0.054220543631862426,0.20511478348821038,0.7621549345619001,0.0012401903436075612,-0.5388080698716387,-0.010432822060437517,0.5570401510736898,32.0,31.0,11524.017212612089,20285.37737700343,13367.547436853405,13367.547436853405,False,False
pagie_1,17,1.8356051042467298,0.4552205168276833,31.0,12490430.0,6804530.0,0.9839271134599906,0.9985591751331995,0.9193946234528841,0.949684428408804,0.1267788883844997,0.03795819894042082,0.28391086021340545,0.22431132738048698,0.014632061673208852,0.03028980495591982,-0.08882068944407887,-0.05959953283291847,32.0,32.0,10910.59513487108,20627.49964859383,12936.877562176436,12936.877562176436,False,False
pagie_1,18,1.8298190996022652,0.4534978893720353,30.0,11333120.0,6193574.0,0.9929976742605103,0.9989581128230139,0.5192423151222687,0.44499266985152364,0.08367990045100215,0.03227827716880251,0.693366919370784,0.7449881409448587,0.005960438562503612,-0.07424964527074507,-0.051401623282199646,0.05162122157407467,31.0,31.0,12524.117548778187,19100.5369410431,12855.555458045099,12855.555458045099,False,False
pagie_1,19,1.8349660817350504,0.45503079868677954,28.0,10581620.0,5766657.0,0.994508430348622,0.9939708299203515,0.44643329357778183,0.9590631398136297,0.07410512567547525,0.07764773067932237,0.7440206357502581,0.2023285945840832,-0.0005376004282705571,0.5126298462358478,0.0035426050038471213,-0.541692041166175,31.0,29.0,10309.527960643172,19250.306036856025,13261.693043075968,13261.693043075968,False,False
pagie_1,20,1.8302320447222726,0.4536211936166027,30.0,11283020.0,6164803.0,0.9919104142423307,0.9975063987159221,0.942285730018461,0.8163994058902205,0.08994212448941406,0.049935971844732356,0.24023794450822913,0.42848639897875346,0.005595984473591331,-0.12588632412824052,-0.04000615264468171,0.18824845447052432,32.0,31.0,10793.83627367299,18568.257747469936,12745.288535702042,12745.288535702042,False,False
pagie_1,21,1.8425385896665538,0.4572705257798855,30.0,12590630.0,6833306.0,0.9893588295644531,0.9971759763684311,0.8362797371095887,0.6598887460180176,0.10315604895277292,0.05314154336833706,0.4046236064423471,0.583190581184215,0.007817146803978048,-0.17639099109157108,-0.050014505584435855,0.1785669747418679,32.0,31.0,13759.115727210883,21741.81329429429,14822.52059708396,14822.52059708396,False,False
pagie_1,22,1.8309616000430224,0.4538389008395901,30.0,11984420.0,6545424.0,0.9893107834887248,0.9959213655179787,0.9412685571209095,-5856.534384250217,0.10338866722845003,0.06386418778956895,0.24234570942991848,76.53453066590411,0.006610582029253909,-5857.475652807338,-0.03952447943888107,76.2921849564742,32.0,31.0,12525.71495643491,21185.06708150776,13762.359378945082,13762.359378945082,False,False
pagie_1,23,1.8341675599279461,0.45479354130585314,31.0,12044540.0,6566761.0,0.9924407905664222,0.9994000279223497,0.6488024096604468,0.9682680459986317,0.08694371416944283,0.024494327458623184,0.5926192625451465,0.17813465132132023,0.006959237355927517,0.3194656363381849,-0.06244938671081964,-0.4144846112238263,31.0,32.0,10895.624273095746,20326.71903219167,13667.968585106544,13667.968585106544,False,False
pagie_1,24,1.8347664626875193,0.45497150709021283,31.0,11964380.0,6520928.0,0.9973653700648469,0.9926331117317048,0.995935034609816,0.6506255292020995,0.05132864634054834,0.08583057886496641,0.06375708109836915,0.5910790732193965,-0.00473225833314217,-0.34530950540771654,0.03450193252441807,0.5273219921210273,31.0,32.0,10510.066209230106,19744.879816903267,13777.650621919893,13777.650621919893,False,False
pagie_1,25,1.8432341845913158,0.45747533961794373,31.0,9880220.0,5360263.0,0.988460198361424,0.9991140624422261,0.9786403557193429,0.9963898782430938,0.10742346875136745,0.02976470321998609,0.14614939028493099,0.06008428876924645,0.010653864080802156,0.017749522523750838,-0.07765876553138136,-0.08606510151568453,31.0,32.0,10205.501496698707,18977.495877486654,13044.483307489194,13044.483307489194,False,False
pagie_1,27,1.831029875770206,0.45385926617971806,30.0,11774000.0,6430261.0,0.992372863688312,0.9924386254873676,0.6891977288129287,0.43170068228909786,0.08733347761132577,0.08695616431646716,0.557496431546491,0.7538562977855278,6.576179905559698e-05,-0.2574970465238309,-0.00037731329485861387,0.19635986623903678,31.0,31.0,12259.938705743756,17271.019189966377,12267.831677635666,12267.831677635666,False,False
pagie_1,28,1.8377185390605228,0.45584703057345266,31.0,12039530.0,6551346.0,0.9924234233869885,0.9938816694525332,0.6865631831007593,0.9062870915119589,0.08704353286150249,0.0782197580376394,0.5598542818441606,0.30612564167028083,0.0014582460655446772,0.2197239084111996,-0.008823774823863081,-0.2537286401738798,31.0,32.0,9786.960852645803,17819.42622040352,12668.141708902549,12668.141708902549,False,False
pagie_1,29,1.8313061089095657,0.4539416457276818,31.0,11107670.0,6065436.0,0.9878585031813425,0.9986070506477711,0.9754857315509288,0.8360510058174948,0.11018846046051078,0.037322236699169994,0.15657033067944662,0.4049061547846676,0.010748547466428615,-0.13943472573343396,-0.07286622376134079,0.248335824105221,31.0,32.0,10274.793689407874,17647.111966097727,12074.730707955081,12074.730707955081,False,False
pagie_1,30,1.833301490409393,0.4545359804531164,30.0,12560570.0,6851339.0,0.9962531311212632,0.9966488908198977,-1.4658641283250042,0.5934097157436338,0.061211672732712885,0.05788876557763382,1.5703070172182905,0.6376443242563727,0.00039575969863447913,2.0592738440686382,-0.0033229071550790676,-0.9326626929619177,31.0,31.0,10277.141866953578,19372.67493701959,13476.512803500518,13476.512803500518,False,False
vladislavleva_2,1,1.8317508747228222,0.45407423367475197,30.0,12856160.0,7018509.0,0.9954760284842702,0.9977103028638028,0.9946389827971087,0.9954885422026682,0.06726047513755587,0.04785077989121131,0.07321896750768393,0.06716738641135077,0.002234274379532608,0.0008495594055595301,-0.01940969524634456,-0.006051581096333164,32.0,31.0,4439.176345903892,15840.661105716135,13663.653403227683,13663.653403227683,False,False
vladislavleva_2,2,1.8303286286090108,0.45365002526351406,30.0,13121690.0,7169035.0,0.996403785942229,0.9938359827452867,0.9964520081839932,0.9938099041223974,0.05996844218229283,0.07851125559251505,0.05956502174940326,0.07867716236369098,-0.0025678031969422754,-0.002642104061595707,0.018542813410222223,0.019112140614287718,31.0,31.0,4102.137259702198,15323.351410665084,14007.079501166008,14007.079501166008,False,False
vladislavleva_2,3,1.8279119101509411,0.45292768516540594,31.0,12264980.0,6709831.0,0.9989531922943441,0.9990626490379144,0.9948249790365189,0.9982925003104037,0.03235440782421907,0.03061618790910359,0.07193761855580917,0.041321903266866356,0.0001094567435703242,0.0034675212738848327,-0.001738219915115479,-0.030615715288942816,32.0,32.0,3766.4432400511578,13625.98256392451,12982.918487087823,12982.918487087823,False,False
vladislavleva_2,4,1.8289321112996577,0.45323284892767834,31.0,13913270.0,7607319.0,0.9982304320205055,0.9973819716644727,0.9971646852895479,0.9963294080306268,0.042066233245852756,0.05116667211698744,0.05324767328674623,0.06058541053234849,-0.0008484603560328097,-0.0008352772589211854,0.00910043887113468,0.007337737245602258,32.0,32.0,4112.617141575087,13971.346248477348,14662.155554296682,14662.155554296682,False,False
vladislavleva_2,5,1.8336053319572634,0.45462636775136334,31.0,14028500.0,7650774.0,0.9987142776203822,0.9964989578404047,0.9965046336411332,0.9931685275950745,0.03585697114394533,0.05916960503159788,0.05912162344579921,0.08265272170307275,-0.002215319779977576,-0.0033361060460587177,0.023312633887652548,0.023531098257273543,32.0,32.0,3841.4531876388937,14122.645385432872,14584.124630236183,14584.124630236183,False,False
vladislavleva_2,7,1.8361033261948236,0.4553683413490571,31.0,12916280.0,7034615.0,0.9982047112741664,0.9991776821157845,0.9974379603139822,0.9988449809109013,0.04237084759399484,0.02867608558041868,0.05061659496664896,0.03398557177830937,0.0009729708416180705,0.0014070205969191063,-0.013694762013576164,-0.016631023188339596,32.0,32.0,3516.6338752903976,14775.307411535177,14543.029624494724,14543.029624494724,False,False
vladislavleva_2,8,1.8316498978286033,0.4540441373728207,30.0,13046540.0,7122835.0,0.9979141741382858,0.9993270082914207,0.9963562634115631,0.998594332327795,0.0456708425772311,0.025942083736261664,0.060363371248107166,0.03749223482542758,0.0014128341531349786,0.0022380689162319056,-0.019728758840969435,-0.022871136422679586,31.0,31.0,3868.899034145754,12381.731666804757,13116.143239574973,13116.143239574973,False,False
vladislavleva_2,9,1.8316648340569188,0.45404858934529,31.0,13071590.0,7136453.0,0.9903135244414597,0.9955239905209153,0.9759852300737667,0.9964503161022042,0.0984198941197373,0.06690298557676347,0.15496699624834087,0.059579223709241,0.0052104660794556334,0.02046508602843755,-0.03151690854297383,-0.09538777253909987,31.0,32.0,3646.0049779904075,12326.051742910407,13612.367714861874,13612.367714861874,False,False
vladislavleva_2,10,1.8336064352966555,0.4546266959200479,31.0,12520490.0,6828341.0,0.9918887632974343,0.9930355928745168,0.9926368482875181,0.9941770907791204,0.09006240449025192,0.08345302346519982,0.0858088090610862,0.07630798923362833,0.0011468295770825643,0.0015402424916023394,-0.006609381025052097,-0.009500819827457874,31.0,32.0,4542.119306734763,16897.828018272296,14626.62934105238,14626.62934105238,False,False
vladislavleva_2,11,1.835158385818145,0.45508790536671695,31.0,12295040.0,6699716.0,0.9954710473065532,0.9989015375021733,0.9954513799795067,0.9992165245552711,0.06729749396111871,0.03314306108111878,0.06744345795177828,0.027990631374244925,0.0034304901956200284,0.0037651445757643787,-0.03415443287999993,-0.03945282657753335,31.0,32.0,3876.721976529807,14280.464022620115,14095.237761146855,14095.237761146855,False,False
vladislavleva_2,12,1.8309821027499373,0.4538450165634563,31.0,12986420.0,7092598.0,0.9958429243397435,0.9969944771983389,0.9941332781778994,0.9959619042241212,0.06447538801943305,0.05482264861953588,0.0765945286694851,0.06354601306044898,0.0011515528585953616,0.001828626046221804,-0.009652739399897164,-0.013048515609036124,32.0,32.0,3636.5410140058957,13102.111735959537,12301.343658261467,12301.343658261467,False,False
vladislavleva_2,13,1.8315317325403477,0.45400891383247133,30.0,13848140.0,7560961.0,0.9951063384650167,0.997029583865846,0.9798615765048271,0.9970339161226333,0.06995471059895339,0.054501524145239275,0.141909913308313,0.05446176527956798,0.001923245400829221,0.017172339617806176,-0.015453186453714116,-0.08744814802874504,32.0,31.0,3944.0476552378386,13545.8210188644,13862.851958451327,13862.851958451327,False,False
vladislavleva_2,14,1.8320361068981872,0.4541592295944997,31.0,12415280.0,6776766.0,0.9963523958585032,0.9979535127529118,0.995687710781428,0.9970548935997529,0.06039539834703331,0.0452381171921232,0.06566802280084277,0.054268834520810355,0.0016011168944085608,0.0013671828183248191,-0.015157281154910107,-0.011399188280032418,31.0,32.0,4000.313780216966,12431.915960347746,12246.646363161039,12246.646363161039,False,False
vladislavleva_2,15,1.8303957392382597,0.453670056937435,30.0,13602650.0,7431535.0,0.9983391967714296,0.9980641791971244,0.9971731758610464,0.995409978147305,0.04075295361774994,0.043997963621917706,0.05316788635025516,0.06774970001922463,-0.0002750175743051475,-0.001763197713741338,0.003245010004167763,0.014581813668969469,32.0,31.0,3740.8777849921025,14507.117412049323,13579.44083092548,13579.44083092548,False,False
vladislavleva_2,16,1.8339292684740618,0.45472269994793224,31.0,12675800.0,6911826.0,0.997342246717662,0.9956951951233378,0.9963124324217231,0.995448097061624,0.05155340223824215,0.06561101185519208,0.0607253454356324,0.06746779185934582,-0.0016470515943242114,-0.000864335360099111,0.014057609616949927,0.006742446423713418,31.0,32.0,4483.834128458053,10567.200346682686,10975.626229471527,10975.626229471527,False,False
vladislavleva_2,17,1.834026605046751,0.4547516392356211,31.0,12826100.0,6993410.0,0.9958852028956047,0.9969726808562834,0.9944180057520187,0.9965100507402969,0.0641466842821614,0.05502107908535235,0.07471274488319475,0.059075792501693904,0.0010874779606787621,0.0020920449882781966,-0.00912560519680905,-0.015636952381500847,31.0,32.0,4496.1381505373865,13754.188071582932,13424.991113380995,13424.991113380995,False,False
vladislavleva_2,18,1.830686410530733,0.4537568016850626,31.0,12590630.0,6877546.0,0.9957037851577645,0.9975044116674987,0.9863922890468624,0.9965055848740737,0.06554551733135927,0.04995586384501078,0.11665209365089696,0.05911357818577977,0.0018006265097342267,0.010113295827211322,-0.015589653486348491,-0.057538515465117186,32.0,32.0,3819.3623436116613,14744.375261057634,16183.777547170408,16183.777547170408,False,False
vladislavleva_2,19,1.8333485626973356,0.45454998555826265,31.0,13121690.0,7157226.0,0.9970036051584188,0.9923506573540822,0.9979088362962791,0.990160642223413,0.05473933541413555,0.08746052049878153,0.04572924341951047,0.09919353696983944,-0.00465294780433656,-0.007748194072866088,0.03272118508464598,0.05346429355032897,32.0,32.0,4499.308372403961,13535.106127776671,15839.810707245488,15839.810707245488,False,False
vladislavleva_2,20,1.8347605012489354,0.4549697362030126,31.0,12620690.0,6878658.0,0.997053354405262,0.9999999479600427,0.9934606212221742,0.9999999379875445,0.05428301386933126,0.00022812268052440607,0.08086642552892888,0.0002490230018499335,0.002946593554780663,0.00653931676537034,-0.05405489118880685,-0.08061740252707894,31.0,32.0,4172.783373004757,13517.963016872294,15693.272517562844,15693.272517562844,False,False
vladislavleva_2,21,1.831710721995819,0.4540622664967495,31.0,12861170.0,7021398.0,0.9970127648967905,0.9990155035906145,0.994031961924068,0.9985946428314668,0.05465560449953397,0.031376685761652603,0.07725307810004786,0.037488093690306645,0.0020027386938240577,0.004562680907398864,-0.02327891873788137,-0.039764984409741216,32.0,32.0,4042.961248370819,14095.673301035073,14766.388478035107,14766.388478035107,False,False
vladislavleva_2,22,1.8300627339323474,0.45357064462415997,30.0,12755960.0,6970231.0,0.9976492082085866,0.9961159194341457,0.9979415599004882,0.9910438577950235,0.04848496459123559,0.062322392170506,0.04537003526020013,0.09463689663644144,-0.0015332887744409218,-0.006897702105464698,0.013837427579270416,0.04926686137624131,32.0,31.0,4565.613348577172,12420.597266457044,12575.350307432003,12575.350307432003,False,False
vladislavleva_2,23,1.8320670247249211,0.4541684411627098,31.0,13337120.0,7279821.0,0.9963014525761407,0.9973307092926715,0.996482165500487,,0.060815684028540686,0.05166517886670394,0.05931133533746373,,0.0010292567165308686,,-0.009150505161836749,,32.0,32.0,3951.3019536170177,18441.406604352407,17519.466038195882,17519.466038195882,False,False
vladislavleva_2,25,1.8326195831425787,0.45433301641074975,31.0,13241930.0,7225684.0,0.9976840790129421,0.9983689551765073,0.9963331226915326,0.9971742784727449,0.04812401673860865,0.04038619595224077,0.060554746374395334,0.05315751618778937,0.0006848761635651623,0.0008411557812122439,-0.00773782078636788,-0.0073972301866059645,31.0,32.0,4027.9004429560155,12616.792583441827,13658.257022673264,13658.257022673264,False,False
vladislavleva_2,26,1.8317936588998223,0.4540869845566551,30.0,12841130.0,7010140.0,0.9972599212354718,0.9982262589117566,0.9944031258725232,0.9968831533462175,0.05234576166728512,0.042115805681993156,0.07481225920580649,0.055828726062687066,0.0009663376762848452,0.0024800274736942463,-0.010229955985291965,-0.018983533143119423,32.0,31.0,3673.2197246602736,13623.688582815696,14096.383648492396,14096.383648492396,False,False
vladislavleva_2,27,1.832484019279987,0.45429264895149457,31.0,13682810.0,7466810.0,0.9958999702512253,0.9953862423745071,0.43572694126323797,0.9947733017402712,0.06403147467280937,0.06792464667182913,0.7511811091452993,0.07229590762780924,-0.0005137278767182174,0.5590463604770333,0.0038931719990197566,-0.6788852015174901,32.0,32.0,4590.206645324826,13957.024777852464,14747.277845485602,14747.277845485602,False,False
vladislavleva_2,28,1.829825259860542,0.45349972921664994,31.0,13737920.0,7507777.0,0.9984935200873803,0.9960247827907807,0.9962704255888702,0.9964863699279983,0.03881339862237845,0.0630493236222192,0.06107024161676227,0.05927588103100342,-0.002468737296599688,0.00021594433912808242,0.024235924999840744,-0.001794360585758853,31.0,32.0,4040.585546360817,15891.83348247176,14641.15340930922,14641.15340930922,False,False
vladislavleva_2,29,1.8314755557906244,0.4539921666776967,31.0,13297040.0,7260288.0,0.9979774007018524,0.9959573123122162,-7.084493851982659,0.9958077407246341,0.044973317624427495,0.06358213340069524,2.843324436637975,0.06474765845469536,-0.0020200883896361876,8.080301592707293,0.018608815776267745,-2.7785767781832797,32.0,32.0,3364.281135228928,14094.066023373976,15152.969172491692,15152.969172491692,False,False
vladislavleva_2,30,1.8303855242609872,0.4536670079907089,31.0,12881210.0,7037430.0,0.9965395071739211,0.9994499276002701,0.9934418705281858,0.9937746341975264,0.058825953677597666,0.02345362231575143,0.0809822787516765,0.07890098733522662,0.0029104204263489253,0.00033276366934065216,-0.03537233136184624,-0.0020812914164498875,31.0,32.0,4337.422359099612,12946.590553483926,12963.712045516819,12963.712045516819,False,False
vladislavleva_4,1,1.8179853233930225,0.44994055390192267,31.0,9328619.0,5131295.0,0.938413909683212,0.9284831887795718,0.9348920464352656,0.9260644287170847,0.2481654494823724,0.26742627249473494,0.25516260220638604,0.27191096204992415,-0.009930720903640222,-0.008827617718180858,0.019260823012362538,0.01674835984353812,31.0,32.0,22734.55641284492,28409.054481794126,13925.61156929098,13925.61156929098,False,False
vladislavleva_4,3,1.8210401857805103,0.4508632990043582,30.0,9524510.0,5230258.0,0.8486258167274794,0.93194457098751,0.8344672554526846,0.9263118071491819,0.3890683529568045,0.26087435483866545,0.40685715496635344,0.27145569224243216,0.08331875426003066,0.0918445516964973,-0.12819399811813903,-0.13540146272392128,31.0,31.0,21505.757816290017,25428.2185896812,11484.095658760052,11484.095658760052,False,False
vladislavleva_4,4,1.8160955624999884,0.44936818268338985,30.0,9724409.0,5354569.0,0.8453899051210066,0.880182531232563,0.8366958026821504,0.8856980763931575,0.39320490190102325,0.34614660010960246,0.40410914035424844,0.33808567495065883,0.03479262611155631,0.04900227371100707,-0.04705830179142079,-0.06602346540358961,31.0,31.0,19712.679001284763,28051.806193959434,14282.168189378921,14282.168189378921,False,False
vladislavleva_4,5,1.8181261011437733,0.449983145079483,31.0,10269998.0,5648672.0,0.9201329635849701,0.9386903001015898,0.919211766064135,0.9350083919989649,0.2826075660965747,0.24760795604828642,0.28423271088294005,0.25493451708435866,0.018557336516619727,0.01579662593482989,-0.034999610048288304,-0.029298193798581396,32.0,32.0,26938.157084323,27774.22672262136,14563.463913529646,14563.463913529646,False,False
vladislavleva_4,6,1.8179377960874008,0.449926173408013,30.0,10073606.0,5541227.0,0.9519772245784356,0.8831836759537303,0.9453186963164023,0.882078002070298,0.2191409943884631,0.34178403129208623,0.2338403380163433,0.3433977255744452,-0.06879354862470533,-0.06324069424610435,0.12264303690362313,0.1095573875581019,32.0,31.0,20584.458725265693,25765.52721000649,16570.93391500041,16570.93391500041,False,False
vladislavleva_4,8,1.8197678195798834,0.45047934728790695,28.0,10447853.0,5741311.0,0.9260194024086977,0.8431595402223011,0.9091477672780219,0.8382890092503348,0.2719937455003373,0.3960308823535089,0.3014170411937222,0.402133051053585,-0.08285986218639663,-0.07085875802768715,0.12403713685317164,0.10071600985986279,31.0,29.0,20195.86972998688,26919.1331653269,15416.622909843922,15416.622909843922,False,False
vladislavleva_4,11,1.8163382537494537,0.44944175572159684,30.0,9090644.0,5004929.0,0.7714373096949715,0.9388576014046646,0.7546548133900899,0.9391225223359242,0.47808230494866527,0.24726989019153842,0.4953233152294671,0.24673361680986203,0.16742029170969308,0.1844677089458343,-0.23081241475712685,-0.24858969841960507,31.0,31.0,18934.884759577923,27154.1374370181,15181.817958114203,15181.817958114203,False,False
vladislavleva_4,17,1.8184168521192918,0.4500710885765603,31.0,10311080.0,5670361.0,0.8687442292687219,0.872165722756273,0.8713459612943111,0.8753077037523304,0.36229238293300914,0.3575391967934803,0.3586837586310383,0.35311796364341136,0.0034214934875511638,0.0039617424580192795,-0.004753186139528853,-0.0055657949876269375,32.0,32.0,24254.83016157709,26706.223109442275,15625.51489246171,15625.51489246171,False,False
vladislavleva_4,18,1.8139921979807372,0.44872971277761853,31.0,9980420.0,5501909.0,0.9108960885196069,0.9176188225138885,0.9186176341875403,0.9252944259755225,0.29850278303626093,0.2870212143485418,0.2852759467821633,0.2733232043286438,0.006722733994281582,0.006676791787982195,-0.011481568687719157,-0.01195274245351946,32.0,32.0,29345.50899364706,28099.521681140177,14232.5762510309,14232.5762510309,False,False
vladislavleva_4,19,1.8206862230178882,0.45075654038703905,31.0,10902260.0,5987995.0,0.8318588067491538,0.8672291048296727,0.8175517372925549,0.8502089936354994,0.410050232594552,0.36437740760141446,0.42713962905289543,0.38702843095113904,0.03537029808051895,0.032657256342944474,-0.04567282499313752,-0.040111198101756396,31.0,32.0,18526.817894187756,26355.785319593735,14617.78223618865,14617.78223618865,False,False
vladislavleva_4,20,1.8224179922194164,0.4512784639586671,31.0,9943847.0,5456403.0,0.925267864162368,0.9470730313625358,0.925793917283998,0.9462768226119738,0.27337179049351823,0.23005862000252061,0.2724079343851829,0.23178260803612122,0.021805167200167896,0.02048290532797581,-0.043313170490997616,-0.040625326349061686,32.0,32.0,20311.694958064705,27117.495403732173,15215.184995114803,15215.184995114803,False,False
vladislavleva_4,26,1.819274990941557,0.4503304860567259,30.0,10579115.0,5815017.0,0.8974235558379337,0.8208547133590868,0.8990720487722837,0.8233796088014741,0.3202755753442126,0.4232555807557808,0.3176915976662214,0.42026228857527287,-0.07656884247884688,-0.07569243997080966,0.10298000541156821,0.10257069090905147,31.0,31.0,21674.729420548305,27775.81208428461,14559.359385661315,14559.359385661315,False,False
